,district,member_id,name,party,state,hr1-115_x,hr2672-115_x,hr3821-115_x,hr2331-115_x,hres619-115_x,hres619-115_y,hr2810-115_x,hr2874-115_x,hr2874-115_y,journal-115_x,hres616-115_x,hres616-115_y,journal-115_y,hr3071-115_x,hres599-115_x,hr2201-115_x,hr3705-115_x,hr3043-115_x,hr3043-115_y,hr4173-115_x,hr1-115_y,hr2672-115_y,hr3821-115_y,hr2331-115_y,hres619-115_x,hres619-115_y,hr2810-115_y,hr2874-115_x,hr2874-115_y,journal-115_x,hres616-115_x,hres616-115_y,journal-115_y,hr3071-115_y,hres599-115_y,hr2201-115_y,hr3705-115_y,hr3043-115_x,hr3043-115_y,hr4173-115_y
0,5,A000374,Ralph Abraham,R,LA,Yes,Yes,Yes,Yes,Yes,Yes,Yes,No,No,Yes,Yes,Yes,Yes,Yes,Yes,Yes,Yes,Yes,No,Yes,Yes,Yes,Yes,Yes,Yes,Yes,Yes,No,No,Yes,Yes,Yes,Yes,Yes,Yes,Yes,Yes,Yes,No,Yes
1,12,A000370,Alma Adams,D,NC,No,Yes,Yes,Yes,No,No,Yes,No,Yes,Yes,No,No,No,Yes,Yes,No,Yes,No,Yes,Yes,No,Yes,Yes,Yes,No,No,Yes,No,Yes,Yes,No,No,No,Yes,Yes,No,Yes,No,Yes,Yes
2,4,A000055,Robert B. Aderholt,R,AL,Yes,Yes,Yes,Yes,Yes,Yes,Yes,Yes,No,Yes,Yes,Yes,Yes,Yes,Yes,Yes,Yes,Yes,No,Yes,Yes,Yes,Yes,Yes,Yes,Yes,Yes,Yes,No,Yes,Yes,Yes,Yes,Yes,Yes,Yes,Yes,Yes,No,Yes
3,31,A000371,Pete Aguilar,D,CA,No,Yes,Yes,Yes,No,No,Yes,No,Yes,No,No,No,No,Yes,Yes,No,Yes,No,Yes,Yes,No,Yes,Yes,Yes,No,No,Yes,No,Yes,No,No,No,No,Yes,Yes,No,Yes,No,Yes,Yes
4,12,A000372,Rick Allen,R,GA,Yes,Yes,Yes,Yes,Yes,Yes,Yes,Yes,No,Yes,Yes,Yes,Yes,Yes,Yes,Yes,Yes,Yes,No,Not Voting,Yes,Yes,Yes,Yes,Yes,Yes,Yes,Yes,No,Yes,Yes,Yes,Yes,Yes,Yes,Yes,Yes,Yes,No,Not Voting
5,3,A000367,Justin Amash,R,MI,Yes,Yes,Yes,Yes,Yes,Yes,No,No,No,No,No,Yes,No,Yes,No,Yes,Yes,Yes,No,Yes,Yes,Yes,Yes,Yes,Yes,Yes,No,No,No,No,No,Yes,No,Yes,No,Yes,Yes,Yes,No,Yes
6,2,A000369,Mark Amodei,R,NV,Yes,Yes,Yes,Yes,Yes,Yes,Yes,Yes,No,Yes,Yes,Yes,Yes,Yes,Yes,Yes,Yes,Yes,No,Yes,Yes,Yes,Yes,Yes,Yes,Yes,Yes,Yes,No,Yes,Yes,Yes,Yes,Yes,Yes,Yes,Yes,Yes,No,Yes
7,19,A000375,Jodey Arrington,R,TX,Yes,Yes,Yes,Yes,Yes,Yes,Yes,Yes,No,Yes,Yes,Yes,Yes,Yes,Yes,Yes,Yes,Yes,No,Yes,Yes,Yes,Yes,Yes,Yes,Yes,Yes,Yes,No,Yes,Yes,Yes,Yes,Yes,Yes,Yes,Yes,Yes,No,Yes
8,36,B001291,Brian Babin,R,TX,Yes,Yes,Yes,Yes,Yes,Yes,Yes,Yes,No,Yes,Yes,Yes,No,Yes,Yes,Yes,Yes,Yes,No,Yes,Yes,Yes,Yes,Yes,Yes,Yes,Yes,Yes,No,Yes,Yes,Yes,No,Yes,Yes,Yes,Yes,Yes,No,Yes
9,2,B001298,Don Bacon,R,NE,Yes,Yes,Yes,Yes,Yes,Yes,Yes,Yes,No,Yes,Yes,Yes,Yes,Yes,Yes,Yes,Yes,Yes,No,Yes,Yes,Yes,Yes,Yes,Yes,Yes,Yes,Yes,No,Yes,Yes,Yes,Yes,Yes,Yes,Yes,Yes,Yes,No,Yes
10,3,B001299,Jim Banks,R,IN,Yes,Yes,Yes,Yes,Yes,Yes,Yes,Yes,No,Yes,Yes,Yes,Yes,Yes,Yes,Yes,Yes,Yes,No,Yes,Yes,Yes,Yes,Yes,Yes,Yes,Yes,Yes,No,Yes,Yes,Yes,Yes,Yes,Yes,Yes,Yes,Yes,No,Yes
11,11,B001269,Lou Barletta,R,PA,Yes,Yes,Yes,Yes,Yes,Yes,Yes,Yes,No,Yes,Yes,Yes,Yes,Yes,Yes,Yes,Yes,Yes,No,Yes,Yes,Yes,Yes,Yes,Yes,Yes,Yes,Yes,No,Yes,Yes,Yes,Yes,Yes,Yes,Yes,Yes,Yes,No,Yes
12,6,B001282,Andy Barr,R,KY,Yes,Yes,Yes,Yes,Yes,Yes,Yes,Yes,No,No,Yes,Yes,Yes,Yes,Yes,Yes,Yes,Yes,No,Yes,Yes,Yes,Yes,Yes,Yes,Yes,Yes,Yes,No,No,Yes,Yes,Yes,Yes,Yes,Yes,Yes,Yes,No,Yes
13,44,B001300,Nanette Barragán,D,CA,No,Yes,Yes,Yes,No,No,No,No,Yes,No,No,No,No,Yes,Yes,No,Yes,No,Yes,Yes,No,Yes,Yes,Yes,No,No,No,No,Yes,No,No,No,No,Yes,Yes,No,Yes,No,Yes,Yes
14,6,B000213,Joe L. Barton,R,TX,Yes,Not Voting,Not Voting,Yes,Yes,Yes,Yes,Yes,No,Yes,Yes,Yes,Yes,Yes,Yes,Yes,Yes,Yes,No,Yes,Yes,Not Voting,Not Voting,Yes,Yes,Yes,Yes,Yes,No,Yes,Yes,Yes,Yes,Yes,Yes,Yes,Yes,Yes,No,Yes
15,37,B001270,Karen Bass,D,CA,No,Yes,Yes,Yes,No,No,No,No,Yes,No,No,No,No,Yes,No,No,Yes,No,Yes,Yes,No,Yes,Yes,Yes,No,No,No,No,Yes,No,No,No,No,Yes,No,No,Yes,No,Yes,Yes
16,3,B001281,Joyce Beatty,D,OH,No,Yes,Yes,Yes,No,No,Yes,No,Yes,Yes,No,No,Yes,Yes,Yes,No,Yes,No,Yes,Yes,No,Yes,Yes,Yes,No,No,Yes,No,Yes,Yes,No,No,Yes,Yes,Yes,No,Yes,No,Yes,Yes
17,7,B001287,Ami Bera,D,CA,No,Yes,Yes,Yes,No,No,Yes,No,Yes,No,No,No,No,Yes,Yes,No,Yes,No,Yes,Yes,No,Yes,Yes,Yes,No,No,Yes,No,Yes,No,No,No,No,Yes,Yes,No,Yes,No,Yes,Yes
18,1,B001301,Jack Bergman,R,MI,Yes,Yes,Yes,Yes,Yes,Yes,Yes,Yes,No,No,Yes,Yes,No,Yes,Yes,Yes,Yes,Yes,No,Yes,Yes,Yes,Yes,Yes,Yes,Yes,Yes,Yes,No,No,Yes,Yes,No,Yes,Yes,Yes,Yes,Yes,No,Yes
19,8,B001292,Donald Beyer,D,VA,No,Yes,Yes,Yes,No,No,Yes,No,Yes,No,No,No,No,Yes,Yes,No,Yes,No,Yes,Yes,No,Yes,Yes,Yes,No,No,Yes,No,Yes,No,No,No,No,Yes,Yes,No,Yes,No,Yes,Yes
20,5,B001302,Andy Biggs,R,AZ,Yes,Yes,Yes,Yes,Yes,Yes,Yes,Yes,No,No,Yes,Yes,No,Yes,No,Yes,Yes,Yes,No,Yes,Yes,Yes,Yes,Yes,Yes,Yes,Yes,Yes,No,No,Yes,Yes,No,Yes,No,Yes,Yes,Yes,No,Yes
21,12,B001257,Gus Bilirakis,R,FL,Yes,Yes,Yes,Yes,Yes,Yes,Yes,Yes,No,Yes,Yes,Yes,Yes,Yes,Yes,Yes,Yes,Yes,No,Yes,Yes,Yes,Yes,Yes,Yes,Yes,Yes,Yes,No,Yes,Yes,Yes,Yes,Yes,Yes,Yes,Yes,Yes,No,Yes
22,2,B000490,Sanford D. Bishop Jr.,D,GA,No,Yes,Yes,Yes,No,No,Yes,No,Yes,No,No,No,Not Voting,Yes,Yes,No,Yes,Yes,Yes,Yes,No,Yes,Yes,Yes,No,No,Yes,No,Yes,No,No,No,Not Voting,Yes,Yes,No,Yes,Yes,Yes,Yes
23,8,B001293,Mike Bishop,R,MI,Yes,Yes,Yes,Yes,Yes,Yes,Yes,Yes,No,No,Yes,Yes,No,Yes,Yes,Yes,Yes,Yes,No,Yes,Yes,Yes,Yes,Yes,Yes,Yes,Yes,Yes,No,No,Yes,Yes,No,Yes,Yes,Yes,Yes,Yes,No,Yes
24,1,B001250,Rob Bishop,R,UT,Yes,Yes,Yes,Yes,Yes,Yes,Yes,Yes,No,Yes,Yes,Yes,Yes,Yes,Yes,Yes,Yes,Yes,No,Yes,Yes,Yes,Yes,Yes,Yes,Yes,Yes,Yes,No,Yes,Yes,Yes,Yes,Yes,Yes,Yes,Yes,Yes,No,Yes
25,6,B001273,Diane Black,R,TN,Yes,Yes,Yes,Yes,Yes,Yes,Yes,Yes,No,Not Voting,Not Voting,Not Voting,Not Voting,Yes,Yes,Yes,Yes,Yes,No,Yes,Yes,Yes,Yes,Yes,Yes,Yes,Yes,Yes,No,Not Voting,Not Voting,Not Voting,Not Voting,Yes,Yes,Yes,Yes,Yes,No,Yes
26,7,B001243,Marsha Blackburn,R,TN,Yes,Yes,Yes,Yes,Yes,Yes,Yes,Yes,No,No,Yes,Yes,Not Voting,Not Voting,Not Voting,Yes,Yes,Yes,No,Yes,Yes,Yes,Yes,Yes,Yes,Yes,Yes,Yes,No,No,Yes,Yes,Not Voting,Not Voting,Not Voting,Yes,Yes,Yes,No,Yes
27,1,B001294,Rod Blum,R,IA,Yes,Yes,Yes,Yes,Yes,Yes,Yes,Yes,No,No,Yes,Yes,Not Voting,Not Voting,Not Voting,Yes,Yes,Yes,No,Yes,Yes,Yes,Yes,Yes,Yes,Yes,Yes,Yes,No,No,Yes,Yes,Not Voting,Not Voting,Not Voting,Yes,Yes,Yes,No,Yes
28,3,B000574,Earl Blumenauer,D,OR,No,Yes,Yes,Yes,No,No,No,Yes,Yes,Yes,No,No,Yes,Yes,Yes,No,Yes,No,Yes,Yes,No,Yes,Yes,Yes,No,No,No,Yes,Yes,Yes,No,No,Yes,Yes,Yes,No,Yes,No,Yes,Yes
29,1,B001303,Lisa Blunt Rochester,D,DE,No,Yes,Yes,Yes,No,No,Yes,No,Yes,No,No,No,Yes,Yes,Yes,No,Yes,No,Yes,Yes,No,Yes,Yes,Yes,No,No,Yes,No,Yes,No,No,No,Yes,Yes,Yes,No,Yes,No,Yes,Yes
30,1,B001278,Suzanne Bonamici,D,OR,No,Yes,Yes,Yes,No,No,No,No,Yes,Yes,No,No,Yes,Yes,Yes,No,Yes,No,Yes,Yes,No,Yes,Yes,Yes,No,No,No,No,Yes,Yes,No,No,Yes,Yes,Yes,No,Yes,No,Yes,Yes
31,12,B001295,Mike Bost,R,IL,Yes,Yes,Yes,Yes,Yes,Yes,Yes,Yes,No,Not Voting,Yes,Yes,No,Yes,Yes,Yes,Yes,Yes,No,Yes,Yes,Yes,Yes,Yes,Yes,Yes,Yes,Yes,No,Not Voting,Yes,Yes,No,Yes,Yes,Yes,Yes,Yes,No,Yes
32,13,B001296,Brendan Boyle,D,PA,No,Yes,Yes,Yes,No,No,Yes,No,Yes,No,No,No,No,Yes,Yes,No,Yes,Yes,Yes,Yes,No,Yes,Yes,Yes,No,No,Yes,No,Yes,No,No,No,No,Yes,Yes,No,Yes,Yes,Yes,Yes
33,1,B001227,Robert A. Brady,D,PA,No,Yes,Yes,Yes,No,No,Yes,No,Yes,No,No,No,No,Yes,Yes,No,Yes,Yes,Yes,Yes,No,Yes,Yes,Yes,No,No,Yes,No,Yes,No,No,No,No,Yes,Yes,No,Yes,Yes,Yes,Yes
34,8,B000755,Kevin Brady,R,TX,Yes,Yes,Yes,Yes,Yes,Yes,Yes,Yes,No,Yes,Yes,Yes,Not Voting,Yes,Yes,Yes,Yes,Yes,No,Yes,Yes,Yes,Yes,Yes,Yes,Yes,Yes,Yes,No,Yes,Yes,Yes,Not Voting,Yes,Yes,Yes,Yes,Yes,No,Yes
35,7,B001290,David A. Brat,R,VA,Yes,Yes,Yes,Yes,Yes,Yes,Yes,Yes,No,Not Voting,Yes,Yes,Yes,Yes,Yes,Yes,Yes,Yes,No,Yes,Yes,Yes,Yes,Yes,Yes,Yes,Yes,Yes,No,Not Voting,Yes,Yes,Yes,Yes,Yes,Yes,Yes,Yes,No,Yes
36,1,B001283,Jim Bridenstine,R,OK,Yes,Not Voting,Not Voting,Not Voting,Not Voting,Not Voting,Not Voting,Not Voting,Not Voting,Not Voting,Not Voting,Not Voting,Not Voting,Not Voting,Not Voting,Not Voting,Not Voting,Not Voting,Not Voting,Not Voting,Yes,Not Voting,Not Voting,Not Voting,Not Voting,Not Voting,Not Voting,Not Voting,Not Voting,Not Voting,Not Voting,Not Voting,Not Voting,Not Voting,Not Voting,Not Voting,Not Voting,Not Voting,Not Voting,Not Voting
37,5,B001274,Mo Brooks,R,AL,Yes,Yes,Yes,Not Voting,Not Voting,Not Voting,Yes,Yes,No,Yes,Yes,Yes,Yes,Yes,Yes,Yes,Yes,Yes,No,Yes,Yes,Yes,Yes,Not Voting,Not Voting,Not Voting,Yes,Yes,No,Yes,Yes,Yes,Yes,Yes,Yes,Yes,Yes,Yes,No,Yes
38,5,B001284,Susan Brooks,R,IN,Yes,Yes,Yes,Yes,Yes,Yes,Yes,Yes,No,Yes,Yes,Yes,Yes,Yes,Yes,Yes,Yes,Yes,No,Yes,Yes,Yes,Yes,Yes,Yes,Yes,Yes,Yes,No,Yes,Yes,Yes,Yes,Yes,Yes,Yes,Yes,Yes,No,Yes
39,4,B001304,Anthony Brown,D,MD,No,Yes,Yes,Yes,No,No,Yes,No,Yes,Yes,No,No,Yes,Yes,Yes,No,Yes,No,Yes,Yes,No,Yes,Yes,Yes,No,No,Yes,No,Yes,Yes,No,No,Yes,Yes,Yes,No,Yes,No,Yes,Yes
40,26,B001285,Julia Brownley,D,CA,No,Yes,Yes,Yes,No,No,Yes,No,Yes,No,No,No,No,Yes,Yes,No,Yes,No,Yes,Yes,No,Yes,Yes,Yes,No,No,Yes,No,Yes,No,No,No,No,Yes,Yes,No,Yes,No,Yes,Yes
41,16,B001260,Vern Buchanan,R,FL,Yes,Not Voting,Yes,Yes,Yes,Yes,Yes,Yes,No,Yes,Yes,Yes,Yes,Yes,Yes,Yes,Yes,Yes,No,Yes,Yes,Not Voting,Yes,Yes,Yes,Yes,Yes,Yes,No,Yes,Yes,Yes,Yes,Yes,Yes,Yes,Yes,Yes,No,Yes
42,4,B001297,Ken Buck,R,CO,Yes,Yes,Yes,Yes,Yes,Yes,Yes,Yes,No,No,Yes,Yes,No,Yes,Yes,Yes,Yes,Yes,No,Yes,Yes,Yes,Yes,Yes,Yes,Yes,Yes,Yes,No,No,Yes,Yes,No,Yes,Yes,Yes,Yes,Yes,No,Yes
43,8,B001275,Larry Bucshon,R,IN,Yes,Yes,Yes,Yes,Yes,Yes,Yes,Yes,No,Yes,Yes,Yes,Yes,Yes,Yes,Yes,Yes,Yes,No,Yes,Yes,Yes,Yes,Yes,Yes,Yes,Yes,Yes,No,Yes,Yes,Yes,Yes,Yes,Yes,Yes,Yes,Yes,No,Yes
44,13,B001305,Ted Budd,R,NC,Yes,Yes,Yes,Yes,Yes,Yes,Yes,Yes,No,Yes,Yes,Yes,Yes,Yes,Yes,Yes,Yes,Yes,No,Yes,Yes,Yes,Yes,Yes,Yes,Yes,Yes,Yes,No,Yes,Yes,Yes,Yes,Yes,Yes,Yes,Yes,Yes,No,Yes
45,26,B001248,Michael C. Burgess,R,TX,Yes,Yes,Yes,Yes,Yes,Yes,Yes,Yes,No,No,Yes,Yes,No,Yes,Yes,Yes,Yes,Yes,No,Yes,Yes,Yes,Yes,Yes,Yes,Yes,Yes,Yes,No,No,Yes,Yes,No,Yes,Yes,Yes,Yes,Yes,No,Yes
46,17,B001286,Cheri Bustos,D,IL,No,Yes,Yes,Yes,No,No,Yes,No,Yes,Yes,No,No,Yes,Yes,Yes,No,Yes,Yes,Yes,Yes,No,Yes,Yes,Yes,No,No,Yes,No,Yes,Yes,No,No,Yes,Yes,Yes,No,Yes,Yes,Yes,Yes
47,1,B001251,G. K. Butterfield,D,NC,No,Yes,Yes,Yes,No,No,Yes,No,Yes,Yes,No,No,Yes,Yes,Yes,No,Yes,No,Yes,Yes,No,Yes,Yes,Yes,No,No,Yes,No,Yes,Yes,No,No,Yes,Yes,Yes,No,Yes,No,Yes,Yes
48,1,B001289,Bradley Byrne,R,AL,Yes,Yes,Yes,Yes,Yes,Yes,Yes,Yes,No,Yes,Yes,Yes,Yes,Yes,Yes,Yes,Yes,Yes,No,Yes,Yes,Yes,Yes,Yes,Yes,Yes,Yes,Yes,No,Yes,Yes,Yes,Yes,Yes,Yes,Yes,Yes,Yes,No,Yes
49,42,C000059,Ken Calvert,R,CA,Yes,Yes,Yes,Yes,Yes,Yes,Yes,Yes,No,Yes,Yes,Yes,Yes,Yes,Yes,Yes,Yes,Yes,No,Yes,Yes,Yes,Yes,Yes,Yes,Yes,Yes,Yes,No,Yes,Yes,Yes,Yes,Yes,Yes,Yes,Yes,Yes,No,Yes
50,7,C001037,Michael E. Capuano,D,MA,No,Yes,Yes,Yes,No,No,No,No,Yes,No,No,No,No,Yes,Yes,No,Yes,No,Yes,Yes,No,Yes,Yes,Yes,No,No,No,No,Yes,No,No,No,No,Yes,Yes,No,Yes,No,Yes,Yes
51,24,C001112,Salud Carbajal,D,CA,No,Yes,Yes,Yes,No,No,Yes,No,Yes,No,No,No,No,Yes,Yes,No,Yes,No,Yes,Yes,No,Yes,Yes,Yes,No,No,Yes,No,Yes,No,No,No,No,Yes,Yes,No,Yes,No,Yes,Yes
52,29,C001097,Tony Cardenas,D,CA,No,Yes,Yes,Yes,No,No,Yes,No,Yes,No,No,No,Yes,Yes,Yes,No,Yes,Yes,Yes,Yes,No,Yes,Yes,Yes,No,No,Yes,No,Yes,No,No,No,Yes,Yes,Yes,No,Yes,Yes,Yes,Yes
53,7,C001072,André Carson,D,IN,No,Yes,Yes,Yes,No,No,No,No,Yes,Yes,No,No,Yes,Yes,Yes,No,Yes,No,Yes,Yes,No,Yes,Yes,Yes,No,No,No,No,Yes,Yes,No,No,Yes,Yes,Yes,No,Yes,No,Yes,Yes
54,1,C001103,Buddy Carter,R,GA,Yes,Yes,Yes,Yes,Yes,Yes,Yes,Yes,No,No,Yes,Yes,No,Yes,Yes,Yes,Yes,Yes,No,Yes,Yes,Yes,Yes,Yes,Yes,Yes,Yes,Yes,No,No,Yes,Yes,No,Yes,Yes,Yes,Yes,Yes,No,Yes
55,31,C001051,John Carter,R,TX,Yes,Yes,Yes,Yes,Yes,Yes,Yes,Yes,No,Yes,Yes,Yes,Yes,Yes,Yes,Yes,Yes,Yes,No,Yes,Yes,Yes,Yes,Yes,Yes,Yes,Yes,Yes,No,Yes,Yes,Yes,Yes,Yes,Yes,Yes,Yes,Yes,No,Yes
56,17,C001090,Matt Cartwright,D,PA,No,Yes,Yes,Yes,No,No,Yes,No,Yes,Yes,No,No,Yes,Yes,Yes,No,Yes,No,Yes,Yes,No,Yes,Yes,Yes,No,No,Yes,No,Yes,Yes,No,No,Yes,Yes,Yes,No,Yes,No,Yes,Yes
57,14,C001066,Kathy Castor,D,FL,No,Yes,Yes,Yes,No,No,Yes,No,Yes,No,No,No,No,Yes,Yes,No,Yes,No,Yes,Yes,No,Yes,Yes,Yes,No,No,Yes,No,Yes,No,No,No,No,Yes,Yes,No,Yes,No,Yes,Yes
58,20,C001091,Joaquín Castro,D,TX,No,Yes,Yes,Yes,No,No,Yes,No,Yes,Yes,No,No,Yes,Yes,Yes,No,Yes,No,Yes,Yes,No,Yes,Yes,Yes,No,No,Yes,No,Yes,Yes,No,No,Yes,Yes,Yes,No,Yes,No,Yes,Yes
59,1,C000266,Steven J. Chabot,R,OH,Yes,Yes,Yes,Yes,Yes,Yes,Yes,Yes,No,Yes,Yes,Yes,Yes,Yes,Yes,Yes,Yes,Yes,No,Yes,Yes,Yes,Yes,Yes,Yes,Yes,Yes,Yes,No,Yes,Yes,Yes,Yes,Yes,Yes,Yes,Yes,Yes,No,Yes
60,1,C001109,Liz Cheney,R,WY,Yes,Yes,Yes,Yes,Yes,Yes,Yes,Yes,No,Yes,Yes,Yes,Yes,Yes,No,Yes,Yes,Yes,No,Yes,Yes,Yes,Yes,Yes,Yes,Yes,Yes,Yes,No,Yes,Yes,Yes,Yes,Yes,No,Yes,Yes,Yes,No,Yes
61,27,C001080,Judy Chu,D,CA,No,Yes,Yes,Yes,No,No,No,No,Yes,Yes,No,No,Yes,Yes,Yes,No,Yes,No,Yes,Yes,No,Yes,Yes,Yes,No,No,No,No,Yes,Yes,No,No,Yes,Yes,Yes,No,Yes,No,Yes,Yes
62,1,C001084,David Cicilline,D,RI,No,Yes,Yes,Yes,No,No,Yes,No,Yes,Yes,No,No,Yes,Yes,Yes,No,Yes,No,Yes,Yes,No,Yes,Yes,Yes,No,No,Yes,No,Yes,Yes,No,No,Yes,Yes,Yes,No,Yes,No,Yes,Yes
63,5,C001101,Katherine Clark,D,MA,No,Yes,Yes,Yes,No,No,No,No,Yes,No,No,No,No,Yes,Yes,Not Voting,Not Voting,Not Voting,Not Voting,Yes,No,Yes,Yes,Yes,No,No,No,No,Yes,No,No,No,No,Yes,Yes,Not Voting,Not Voting,Not Voting,Not Voting,Yes
64,9,C001067,Yvette D. Clarke,D,NY,No,Yes,Yes,Yes,No,No,No,No,Yes,No,No,No,No,Yes,No,No,Yes,No,Yes,Yes,No,Yes,Yes,Yes,No,No,No,No,Yes,No,No,No,No,Yes,No,No,Yes,No,Yes,Yes
65,1,C001049,William Lacy Clay,D,MO,No,Yes,Yes,Yes,No,No,Yes,Yes,Yes,Yes,No,No,Not Voting,Not Voting,Yes,No,Yes,No,Yes,Yes,No,Yes,Yes,Yes,No,No,Yes,Yes,Yes,Yes,No,No,Not Voting,Not Voting,Yes,No,Yes,No,Yes,Yes
66,5,C001061,Emanuel Cleaver II,D,MO,No,Yes,Yes,Yes,No,No,No,No,Yes,No,No,No,Yes,Yes,Yes,No,Yes,No,Yes,Yes,No,Yes,Yes,Yes,No,No,No,No,Yes,No,No,No,Yes,Yes,Yes,No,Yes,No,Yes,Yes
67,6,C000537,James E. Clyburn,D,SC,No,Yes,Yes,Yes,No,No,Yes,No,Yes,No,No,No,Yes,Yes,Yes,No,Yes,No,Yes,Yes,No,Yes,Yes,Yes,No,No,Yes,No,Yes,No,No,No,Yes,Yes,Yes,No,Yes,No,Yes,Yes
68,6,C001077,Mike Coffman,R,CO,Yes,Yes,Yes,Yes,Yes,Yes,Yes,Yes,No,No,Yes,Yes,No,Yes,Yes,Yes,Yes,Yes,No,Yes,Yes,Yes,Yes,Yes,Yes,Yes,Yes,Yes,No,No,Yes,Yes,No,Yes,Yes,Yes,Yes,Yes,No,Yes
69,9,C001068,Steve Cohen,D,TN,No,Yes,Yes,Yes,No,No,No,No,Yes,Yes,No,No,Yes,Yes,Yes,No,Yes,No,Yes,Yes,No,Yes,Yes,Yes,No,No,No,No,Yes,Yes,No,No,Yes,Yes,Yes,No,Yes,No,Yes,Yes
70,4,C001053,Tom Cole,R,OK,Yes,Yes,Yes,Yes,Yes,Yes,Yes,Yes,No,Yes,Not Voting,Yes,Yes,Yes,Yes,Yes,Yes,No,Yes,Yes,Yes,Yes,Yes,Yes,Yes,Yes,Yes,Yes,No,Yes,Not Voting,Yes,Yes,Yes,Yes,Yes,Yes,No,Yes,Yes
71,9,C001093,Doug Collins,R,GA,Yes,Yes,Yes,Yes,Yes,Yes,Yes,Yes,No,No,Yes,Yes,No,Yes,Yes,Yes,Yes,Yes,No,Yes,Yes,Yes,Yes,Yes,Yes,Yes,Yes,Yes,No,No,Yes,Yes,No,Yes,Yes,Yes,Yes,Yes,No,Yes
72,27,C001092,Chris Collins,R,NY,Yes,Yes,Yes,Yes,Yes,Yes,Yes,Yes,No,Yes,Yes,Yes,Yes,Yes,Yes,Yes,Yes,Yes,No,Yes,Yes,Yes,Yes,Yes,Yes,Yes,Yes,Yes,No,Yes,Yes,Yes,Yes,Yes,Yes,Yes,Yes,Yes,No,Yes
73,1,C001108,James Comer,R,KY,Yes,Yes,Yes,Yes,Yes,Yes,Yes,Yes,No,No,Yes,Yes,No,Yes,Yes,Yes,Yes,Yes,No,Yes,Yes,Yes,Yes,Yes,Yes,Yes,Yes,Yes,No,No,Yes,Yes,No,Yes,Yes,Yes,Yes,Yes,No,Yes
74,10,C001105,Barbara Comstock,R,VA,Yes,Yes,Yes,Yes,Yes,Yes,Yes,Yes,No,Yes,Yes,Yes,Yes,Yes,Yes,Yes,Yes,Yes,No,Yes,Yes,Yes,Yes,Yes,Yes,Yes,Yes,Yes,No,Yes,Yes,Yes,Yes,Yes,Yes,Yes,Yes,Yes,No,Yes
75,11,C001062,K. Michael Conaway,R,TX,Yes,Yes,Yes,Yes,Yes,Yes,Yes,Yes,No,No,Yes,Yes,No,Yes,Yes,Yes,Yes,Yes,No,Yes,Yes,Yes,Yes,Yes,Yes,Yes,Yes,Yes,No,No,Yes,Yes,No,Yes,Yes,Yes,Yes,Yes,No,Yes
76,11,C001078,Gerald E. Connolly,D,VA,No,Yes,Yes,Yes,No,No,Yes,No,Yes,No,No,No,No,Yes,Yes,No,Yes,No,Yes,Yes,No,Yes,Yes,Yes,No,No,Yes,No,Yes,No,No,No,No,Yes,Yes,No,Yes,No,Yes,Yes
77,13,C000714,John Conyers Jr.,D,MI,No,Yes,Yes,Yes,No,No,No,No,Yes,No,No,No,Yes,Yes,Yes,No,Yes,No,Yes,Yes,No,Yes,Yes,Yes,No,No,No,No,Yes,No,No,No,Yes,Yes,Yes,No,Yes,No,Yes,Yes
78,8,C001094,Paul Cook,R,CA,Yes,Yes,Yes,Yes,Yes,Yes,Yes,Yes,No,Yes,Yes,Yes,Yes,Yes,Yes,Yes,Yes,Yes,No,Yes,Yes,Yes,Yes,Yes,Yes,Yes,Yes,Yes,No,Yes,Yes,Yes,Yes,Yes,Yes,Yes,Yes,Yes,No,Yes
79,5,C000754,Jim Cooper,D,TN,No,Yes,Yes,Yes,No,No,Yes,Yes,Yes,Yes,No,No,Yes,Yes,Yes,No,Yes,No,Yes,Yes,No,Yes,Yes,Yes,No,No,Yes,Yes,Yes,Yes,No,No,Yes,Yes,Yes,No,Yes,No,Yes,Yes
80,46,C001110,J. Luis Correa,D,CA,No,Yes,Yes,Yes,No,No,Yes,Yes,Yes,No,No,No,No,Yes,Yes,No,Yes,Yes,Yes,Yes,No,Yes,Yes,Yes,No,No,Yes,Yes,Yes,No,No,No,No,Yes,Yes,No,Yes,Yes,Yes,Yes
81,16,C001059,Jim Costa,D,CA,No,Yes,Yes,Yes,No,No,Yes,No,Yes,No,No,No,No,Yes,Yes,No,Yes,Yes,No,Yes,No,Yes,Yes,Yes,No,No,Yes,No,Yes,No,No,No,No,Yes,Yes,No,Yes,Yes,No,Yes
82,6,C001106,Ryan Costello,R,PA,Yes,Yes,Yes,Yes,Yes,Yes,Yes,Yes,No,No,Yes,Yes,No,Yes,Yes,Yes,Yes,Yes,No,Yes,Yes,Yes,Yes,Yes,Yes,Yes,Yes,Yes,No,No,Yes,Yes,No,Yes,Yes,Yes,Yes,Yes,No,Yes
83,2,C001069,Joe Courtney,D,CT,No,Yes,Yes,Yes,No,No,Yes,No,Yes,Yes,No,No,Yes,Yes,Yes,No,Yes,No,Yes,Yes,No,Yes,Yes,Yes,No,No,Yes,No,Yes,Yes,No,No,Yes,Yes,Yes,No,Yes,No,Yes,Yes
84,1,C001096,Kevin Cramer,R,ND,Yes,Yes,Yes,Yes,Yes,Yes,Yes,Yes,No,Yes,Yes,Yes,Yes,Yes,Yes,Yes,Yes,Yes,No,Yes,Yes,Yes,Yes,Yes,Yes,Yes,Yes,Yes,No,Yes,Yes,Yes,Yes,Yes,Yes,Yes,Yes,Yes,No,Yes
85,1,C001087,Rick Crawford,R,AR,Yes,Yes,Yes,Yes,Yes,Yes,Yes,Yes,No,Yes,Yes,Yes,Yes,Yes,Yes,Yes,Yes,Yes,No,Yes,Yes,Yes,Yes,Yes,Yes,Yes,Yes,Yes,No,Yes,Yes,Yes,Yes,Yes,Yes,Yes,Yes,Yes,No,Yes
86,13,C001111,Charlie Crist,D,FL,No,Yes,Yes,Yes,No,No,Yes,No,Yes,Yes,No,No,No,Yes,Yes,No,Yes,No,Yes,Yes,No,Yes,Yes,Yes,No,No,Yes,No,Yes,Yes,No,No,No,Yes,Yes,No,Yes,No,Yes,Yes
87,14,C001038,Joseph Crowley,D,NY,No,Yes,Yes,Yes,No,No,No,No,Yes,No,No,No,No,Yes,Yes,No,Yes,No,Yes,Yes,No,Yes,Yes,Yes,No,No,No,No,Yes,No,No,No,No,Yes,Yes,No,Yes,No,Yes,Yes
88,28,C001063,Henry Cuellar,D,TX,No,Yes,Yes,Yes,No,No,Yes,No,Yes,Yes,No,No,Yes,Yes,Yes,Not Voting,Not Voting,Not Voting,Not Voting,Not Voting,No,Yes,Yes,Yes,No,No,Yes,No,Yes,Yes,No,No,Yes,Yes,Yes,Not Voting,Not Voting,Not Voting,Not Voting,Not Voting
89,7,C001048,John Culberson,R,TX,Yes,Yes,Yes,Yes,Yes,Yes,Yes,Yes,No,Yes,Yes,Yes,Yes,Yes,Yes,Yes,Yes,Yes,No,Yes,Yes,Yes,Yes,Yes,Yes,Yes,Yes,Yes,No,Yes,Yes,Yes,Yes,Yes,Yes,Yes,Yes,Yes,No,Yes
90,7,C000984,Elijah E. Cummings,D,MD,No,Yes,Yes,Yes,No,No,Yes,No,Yes,Yes,No,No,No,Yes,Yes,No,Yes,No,Yes,Yes,No,Yes,Yes,Yes,No,No,Yes,No,Yes,Yes,No,No,No,Yes,Yes,No,Yes,No,Yes,Yes
91,26,C001107,Carlos Curbelo,R,FL,Yes,Yes,Yes,Yes,Yes,Yes,Yes,No,No,No,Yes,Yes,No,Yes,Yes,Yes,Yes,Yes,No,Yes,Yes,Yes,Yes,Yes,Yes,Yes,Yes,No,No,No,Yes,Yes,No,Yes,Yes,Yes,Yes,Yes,No,Yes
92,3,C001114,John Curtis,R,UT,Yes,Yes,Yes,Yes,Yes,Yes,Yes,Yes,No,Yes,Yes,Yes,Yes,Yes,,,,,,,Yes,Yes,Yes,Yes,Yes,Yes,Yes,Yes,No,Yes,Yes,Yes,Yes,Yes,,,,,,
93,8,D000626,Warren Davidson,R,OH,Yes,Yes,Yes,Yes,Yes,Yes,Yes,Yes,No,Yes,Yes,Yes,Yes,Yes,No,Yes,Yes,Yes,No,Yes,Yes,Yes,Yes,Yes,Yes,Yes,Yes,Yes,No,Yes,Yes,Yes,Yes,Yes,No,Yes,Yes,Yes,No,Yes
94,53,D000598,Susan A. Davis,D,CA,No,Yes,Yes,Yes,No,No,Yes,No,Yes,Yes,No,No,Yes,Yes,Yes,No,Yes,No,Yes,Yes,No,Yes,Yes,Yes,No,No,Yes,No,Yes,Yes,No,No,Yes,Yes,Yes,No,Yes,No,Yes,Yes
95,7,D000096,Danny K. Davis,D,IL,No,Yes,Yes,Yes,No,No,No,No,Yes,Yes,No,No,Not Voting,Not Voting,Not Voting,No,Yes,No,Yes,Yes,No,Yes,Yes,Yes,No,No,No,No,Yes,Yes,No,No,Not Voting,Not Voting,Not Voting,No,Yes,No,Yes,Yes
96,13,D000619,Rodney Davis,R,IL,Yes,Yes,Yes,Yes,Yes,Yes,Yes,Yes,No,No,Yes,Yes,No,Yes,Yes,Yes,Yes,Yes,No,Yes,Yes,Yes,Yes,Yes,Yes,Yes,Yes,Yes,No,No,Yes,Yes,No,Yes,Yes,Yes,Yes,Yes,No,Yes
97,4,D000191,Peter A. DeFazio,D,OR,No,Yes,Yes,Yes,No,No,No,No,Yes,No,No,No,Not Voting,Not Voting,Yes,No,Yes,No,Yes,Yes,No,Yes,Yes,Yes,No,No,No,No,Yes,No,No,No,Not Voting,Not Voting,Yes,No,Yes,No,Yes,Yes
98,1,D000197,Diana DeGette,D,CO,No,Yes,Yes,Yes,No,No,No,No,Yes,Yes,No,No,Yes,Yes,Yes,No,Yes,No,Yes,Yes,No,Yes,Yes,Yes,No,No,No,No,Yes,Yes,No,No,Yes,Yes,Yes,No,Yes,No,Yes,Yes
99,6,D000620,John Delaney,D,MD,No,Yes,Yes,Yes,No,No,Yes,No,Yes,No,No,No,Not Voting,Not Voting,Not Voting,No,Yes,No,Yes,Yes,No,Yes,Yes,Yes,No,No,Yes,No,Yes,No,No,No,Not Voting,Not Voting,Not Voting,No,Yes,No,Yes,Yes
100,3,D000216,Rosa DeLauro,D,CT,No,Yes,Yes,Yes,No,No,Yes,No,Yes,Yes,No,No,Yes,Yes,Yes,No,Yes,No,Yes,Yes,No,Yes,Yes,Yes,No,No,Yes,No,Yes,Yes,No,No,Yes,Yes,Yes,No,Yes,No,Yes,Yes
101,1,D000617,Suzan K. DelBene,D,WA,No,Yes,Yes,Yes,No,No,Yes,No,Yes,Yes,No,No,Yes,Yes,Yes,No,Yes,No,Yes,Yes,No,Yes,Yes,Yes,No,No,Yes,No,Yes,Yes,No,No,Yes,Yes,Yes,No,Yes,No,Yes,Yes
102,10,D000627,Val Demings,D,FL,No,Yes,Yes,Yes,No,No,Yes,No,Yes,Yes,No,No,Yes,Yes,Yes,No,Yes,No,Yes,Yes,No,Yes,Yes,Yes,No,No,Yes,No,Yes,Yes,No,No,Yes,Yes,Yes,No,Yes,No,Yes,Yes
103,10,D000612,Jeffrey Denham,R,CA,Yes,Yes,Yes,Yes,Yes,Yes,Yes,Yes,No,No,Yes,Yes,No,Yes,Yes,Yes,Yes,Yes,No,Yes,Yes,Yes,Yes,Yes,Yes,Yes,Yes,Yes,No,No,Yes,Yes,No,Yes,Yes,Yes,Yes,Yes,No,Yes
104,15,D000604,Charlie Dent,R,PA,Yes,Yes,Yes,Yes,Yes,Yes,Not Voting,Not Voting,Not Voting,Not Voting,Not Voting,Not Voting,Not Voting,Not Voting,Not Voting,Yes,Yes,Yes,No,Yes,Yes,Yes,Yes,Yes,Yes,Yes,Not Voting,Not Voting,Not Voting,Not Voting,Not Voting,Not Voting,Not Voting,Not Voting,Not Voting,Yes,Yes,Yes,No,Yes
105,6,D000621,Ron DeSantis,R,FL,Yes,Yes,Not Voting,Yes,Yes,Yes,Yes,Yes,No,No,Yes,Yes,Not Voting,Not Voting,Not Voting,Yes,Yes,Yes,No,Yes,Yes,Yes,Not Voting,Yes,Yes,Yes,Yes,Yes,No,No,Yes,Yes,Not Voting,Not Voting,Not Voting,Yes,Yes,Yes,No,Yes
106,11,D000623,Mark DeSaulnier,D,CA,No,Yes,Yes,Yes,No,No,No,No,Yes,No,No,No,Yes,Yes,Yes,No,Yes,No,Yes,Yes,No,Yes,Yes,Yes,No,No,No,No,Yes,No,No,No,Yes,Yes,Yes,No,Yes,No,Yes,Yes
107,4,D000616,Scott DesJarlais,R,TN,Yes,Yes,Yes,Yes,Yes,Yes,Yes,Yes,No,Yes,Yes,Yes,Yes,Yes,Yes,Yes,Yes,Yes,No,Yes,Yes,Yes,Yes,Yes,Yes,Yes,Yes,Yes,No,Yes,Yes,Yes,Yes,Yes,Yes,Yes,Yes,Yes,No,Yes
108,22,D000610,Ted Deutch,D,FL,No,Yes,Yes,Yes,No,No,Yes,No,Yes,Yes,No,No,Yes,Yes,Yes,No,Yes,No,Yes,Yes,No,Yes,Yes,Yes,No,No,Yes,No,Yes,Yes,No,No,Yes,Yes,Yes,No,Yes,No,Yes,Yes
109,25,D000600,Mario Diaz-Balart,R,FL,Yes,Yes,Yes,Yes,Yes,Yes,Yes,No,No,No,Not Voting,Yes,No,Yes,Yes,Yes,Yes,Yes,No,Yes,Yes,Yes,Yes,Yes,Yes,Yes,Yes,No,No,No,Not Voting,Yes,No,Yes,Yes,Yes,Yes,Yes,No,Yes
110,12,D000624,Debbie Dingell,D,MI,No,Yes,Yes,Yes,No,No,Yes,No,Yes,Yes,No,No,Yes,Yes,Yes,No,Yes,No,Yes,Yes,No,Yes,Yes,Yes,No,No,Yes,No,Yes,Yes,No,No,Yes,Yes,Yes,No,Yes,No,Yes,Yes
111,35,D000399,Lloyd Doggett,D,TX,No,Yes,Yes,Yes,No,No,Yes,Yes,Yes,Yes,No,No,Yes,Yes,No,No,Yes,No,Yes,Yes,No,Yes,Yes,Yes,No,No,Yes,Yes,Yes,Yes,No,No,Yes,Yes,No,No,Yes,No,Yes,Yes
112,11,D000625,Daniel M. Donovan,R,NY,No,Yes,Yes,Yes,Yes,Yes,Yes,No,No,Yes,Yes,Yes,Yes,Yes,Yes,Yes,Yes,Yes,No,Yes,No,Yes,Yes,Yes,Yes,Yes,Yes,No,No,Yes,Yes,Yes,Yes,Yes,Yes,Yes,Yes,Yes,No,Yes
113,14,D000482,Mike Doyle,D,PA,No,Yes,Yes,Yes,No,No,No,No,Yes,No,No,No,No,Yes,Yes,No,Yes,Yes,Yes,Yes,No,Yes,Yes,Yes,No,No,No,No,Yes,No,No,No,No,Yes,Yes,No,Yes,Yes,Yes,Yes
114,7,D000614,Sean Duffy,R,WI,Yes,Yes,Yes,Yes,Yes,Yes,Yes,Yes,No,No,Yes,Yes,No,Yes,Yes,Yes,Yes,Yes,No,Yes,Yes,Yes,Yes,Yes,Yes,Yes,Yes,Yes,No,No,Yes,Yes,No,Yes,Yes,Yes,Yes,Yes,No,Yes
115,3,D000615,Jeffrey Duncan,R,SC,Yes,Yes,Yes,Yes,Yes,Yes,Yes,Yes,No,Yes,Yes,Yes,Yes,Yes,Yes,Yes,Yes,Yes,No,Yes,Yes,Yes,Yes,Yes,Yes,Yes,Yes,Yes,No,Yes,Yes,Yes,Yes,Yes,Yes,Yes,Yes,Yes,No,Yes
116,2,D000533,John J. Duncan Jr.,R,TN,Yes,Yes,Yes,Yes,Yes,Yes,No,Yes,No,Yes,Yes,Yes,Yes,Yes,No,Yes,Yes,Yes,No,Yes,Yes,Yes,Yes,Yes,Yes,Yes,No,Yes,No,Yes,Yes,Yes,Yes,Yes,No,Yes,Yes,Yes,No,Yes
117,2,D000628,Neal Dunn,R,FL,Yes,Yes,Yes,Yes,Yes,Yes,Yes,Yes,No,Yes,Yes,Yes,Yes,Yes,Yes,Yes,Yes,Yes,No,Yes,Yes,Yes,Yes,Yes,Yes,Yes,Yes,Yes,No,Yes,Yes,Yes,Yes,Yes,Yes,Yes,Yes,Yes,No,Yes
118,5,E000288,Keith Ellison,D,MN,No,Yes,Yes,Yes,No,No,No,No,Yes,Yes,No,No,No,Yes,No,No,Yes,No,Yes,Yes,No,Yes,Yes,Yes,No,No,No,No,Yes,Yes,No,No,No,Yes,No,No,Yes,No,Yes,Yes
119,6,E000294,Tom Emmer,R,MN,Yes,Yes,Yes,Yes,Yes,Yes,Yes,Yes,No,Yes,Yes,Yes,Yes,Yes,Yes,Yes,Yes,Yes,No,Yes,Yes,Yes,Yes,Yes,Yes,Yes,Yes,Yes,No,Yes,Yes,Yes,Yes,Yes,Yes,Yes,Yes,Yes,No,Yes
120,16,E000179,Eliot L. Engel,D,NY,No,Yes,Yes,Yes,No,No,Yes,No,Yes,Yes,No,No,Yes,Yes,Yes,No,Yes,No,Yes,Yes,No,Yes,Yes,Yes,No,No,Yes,No,Yes,Yes,No,No,Yes,Yes,Yes,No,Yes,No,Yes,Yes
121,18,E000215,Anna G. Eshoo,D,CA,No,Yes,Yes,Yes,No,No,No,No,Yes,Yes,No,No,Yes,Yes,Yes,No,Yes,No,Yes,Yes,No,Yes,Yes,Yes,No,No,No,No,Yes,Yes,No,No,Yes,Yes,Yes,No,Yes,No,Yes,Yes
122,13,E000297,Adriano Espaillat,D,NY,No,Yes,Yes,Yes,No,No,No,No,Yes,No,No,No,No,Yes,Yes,No,Yes,Yes,Yes,Yes,No,Yes,Yes,Yes,No,No,No,No,Yes,No,No,No,No,Yes,Yes,No,Yes,Yes,Yes,Yes
123,4,E000298,Ron Estes,R,KS,Yes,Yes,Yes,Yes,Yes,Yes,Yes,Yes,No,Yes,Yes,Yes,Yes,Yes,Yes,Yes,Yes,Yes,No,Yes,Yes,Yes,Yes,Yes,Yes,Yes,Yes,Yes,No,Yes,Yes,Yes,Yes,Yes,Yes,Yes,Yes,Yes,No,Yes
124,5,E000293,Elizabeth Esty,D,CT,No,Yes,Yes,Yes,No,No,Yes,No,Yes,No,No,No,No,Yes,Yes,No,Yes,No,Yes,Yes,No,Yes,Yes,Yes,No,No,Yes,No,Yes,No,No,No,No,Yes,Yes,No,Yes,No,Yes,Yes
125,2,E000296,Dwight Evans,D,PA,No,Yes,Yes,Yes,No,No,Yes,No,Yes,No,No,No,Yes,Yes,Yes,No,Yes,Yes,Yes,Yes,No,Yes,Yes,Yes,No,No,Yes,No,Yes,No,No,No,Yes,Yes,Yes,No,Yes,Yes,Yes,Yes
126,27,F000460,Blake Farenthold,R,TX,Yes,Yes,Yes,Yes,Yes,Yes,Yes,Yes,No,Yes,Yes,Yes,Yes,Yes,Yes,Yes,Yes,Yes,No,Yes,Yes,Yes,Yes,Yes,Yes,Yes,Yes,Yes,No,Yes,Yes,Yes,Yes,Yes,Yes,Yes,Yes,Yes,No,Yes
127,19,F000464,John Faso,R,NY,No,Yes,Yes,Yes,Yes,Yes,Yes,Yes,No,No,Yes,Yes,No,Yes,Yes,Yes,Yes,Yes,No,Yes,No,Yes,Yes,Yes,Yes,Yes,Yes,Yes,No,No,Yes,Yes,No,Yes,Yes,Yes,Yes,Yes,No,Yes
128,3,F000465,A. Drew Ferguson,R,GA,Yes,Yes,Yes,Yes,Yes,Yes,Yes,Yes,No,Yes,Yes,Yes,Yes,Yes,Yes,Yes,Yes,Yes,No,Yes,Yes,Yes,Yes,Yes,Yes,Yes,Yes,Yes,No,Yes,Yes,Yes,Yes,Yes,Yes,Yes,Yes,Yes,No,Yes
129,8,F000466,Brian Fitzpatrick,R,PA,Yes,Yes,Yes,Yes,Yes,Yes,Yes,Yes,No,No,Yes,Yes,No,Yes,Yes,Yes,Yes,Yes,No,Yes,Yes,Yes,Yes,Yes,Yes,Yes,Yes,Yes,No,No,Yes,Yes,No,Yes,Yes,Yes,Yes,Yes,No,Yes
130,3,F000459,Chuck Fleischmann,R,TN,Yes,Yes,Yes,Yes,Yes,Yes,Yes,Yes,No,Yes,Yes,Yes,Yes,Yes,Yes,Yes,Yes,Yes,No,Yes,Yes,Yes,Yes,Yes,Yes,Yes,Yes,Yes,No,Yes,Yes,Yes,Yes,Yes,Yes,Yes,Yes,Yes,No,Yes
131,17,F000461,Bill Flores,R,TX,Yes,Yes,Yes,Yes,Yes,Yes,Yes,Yes,No,No,Yes,Yes,No,Yes,Yes,Yes,Yes,Yes,No,Yes,Yes,Yes,Yes,Yes,Yes,Yes,Yes,Yes,No,No,Yes,Yes,No,Yes,Yes,Yes,Yes,Yes,No,Yes
132,1,F000449,Jeff Fortenberry,R,NE,Yes,Yes,Yes,Yes,Yes,Yes,Yes,Yes,No,Yes,Yes,Yes,Yes,Yes,Yes,Yes,Yes,Yes,No,Yes,Yes,Yes,Yes,Yes,Yes,Yes,Yes,Yes,No,Yes,Yes,Yes,Yes,Yes,Yes,Yes,Yes,Yes,No,Yes
133,11,F000454,Bill Foster,D,IL,No,Yes,Yes,Yes,No,No,Yes,No,Yes,Yes,No,No,Yes,Yes,Yes,No,Yes,No,Yes,Yes,No,Yes,Yes,Yes,No,No,Yes,No,Yes,Yes,No,No,Yes,Yes,Yes,No,Yes,No,Yes,Yes
134,5,F000450,Virginia Foxx,R,NC,Yes,Yes,Yes,Yes,Yes,Yes,Yes,Yes,No,No,Yes,Yes,No,Yes,Yes,Yes,Yes,Yes,No,Yes,Yes,Yes,Yes,Yes,Yes,Yes,Yes,Yes,No,No,Yes,Yes,No,Yes,Yes,Yes,Yes,Yes,No,Yes
135,21,F000462,Lois Frankel,D,FL,No,Yes,Yes,Yes,No,No,Yes,No,Yes,Yes,No,No,Yes,Yes,Yes,No,Yes,No,Yes,Yes,No,Yes,Yes,Yes,No,No,Yes,No,Yes,Yes,No,No,Yes,Yes,Yes,No,Yes,No,Yes,Yes
136,8,F000448,Trent Franks,R,AZ,Yes,Yes,Yes,Yes,Yes,Yes,Yes,Yes,No,Yes,Yes,Yes,Not Voting,Not Voting,Not Voting,Yes,Yes,Yes,No,Not Voting,Yes,Yes,Yes,Yes,Yes,Yes,Yes,Yes,No,Yes,Yes,Yes,Not Voting,Not Voting,Not Voting,Yes,Yes,Yes,No,Not Voting
137,11,F000372,Rodney Frelinghuysen,R,NJ,No,Yes,Yes,Yes,Yes,Yes,Yes,No,No,Yes,Yes,Yes,Yes,Yes,Yes,Yes,Yes,Yes,No,Yes,No,Yes,Yes,Yes,Yes,Yes,Yes,No,No,Yes,Yes,Yes,Yes,Yes,Yes,Yes,Yes,Yes,No,Yes
138,11,F000455,Marcia L. Fudge,D,OH,No,Yes,Yes,Yes,No,No,Yes,No,Yes,No,No,No,No,Yes,Yes,No,Yes,No,Yes,Yes,No,Yes,Yes,Yes,No,No,Yes,No,Yes,No,No,No,No,Yes,Yes,No,Yes,No,Yes,Yes
139,2,G000571,Tulsi Gabbard,D,HI,No,Yes,Yes,Yes,No,No,No,No,Yes,Yes,No,No,Yes,Yes,No,No,Yes,No,Yes,Yes,No,Yes,Yes,Yes,No,No,No,No,Yes,Yes,No,No,Yes,Yes,No,No,Yes,No,Yes,Yes
140,1,G000578,Matt Gaetz,R,FL,Yes,Yes,Yes,Yes,Yes,Yes,Yes,Yes,No,No,Yes,Yes,No,Yes,Yes,Yes,Yes,Yes,No,Yes,Yes,Yes,Yes,Yes,Yes,Yes,Yes,Yes,No,No,Yes,Yes,No,Yes,Yes,Yes,Yes,Yes,No,Yes
141,8,G000579,Mike Gallagher,R,WI,Yes,Yes,Yes,Yes,Yes,Yes,Yes,Yes,No,No,Yes,Yes,No,Yes,Yes,Yes,Yes,Yes,No,Yes,Yes,Yes,Yes,Yes,Yes,Yes,Yes,Yes,No,No,Yes,Yes,No,Yes,Yes,Yes,Yes,Yes,No,Yes
142,7,G000574,Ruben Gallego,D,AZ,No,Yes,Yes,Yes,No,No,Yes,No,Yes,No,No,No,Yes,Yes,Yes,No,Yes,No,Yes,Yes,No,Yes,Yes,Yes,No,No,Yes,No,Yes,No,No,No,Yes,Yes,Yes,No,Yes,No,Yes,Yes
143,3,G000559,John Garamendi,D,CA,No,Yes,Yes,Yes,No,No,Yes,No,Yes,Yes,No,No,Yes,Yes,Yes,No,Yes,No,Yes,Yes,No,Yes,Yes,Yes,No,No,Yes,No,Yes,Yes,No,No,Yes,Yes,Yes,No,Yes,No,Yes,Yes
144,5,G000580,Thomas Garrett,R,VA,Yes,Yes,Yes,Yes,Yes,Yes,No,Yes,No,Not Voting,Yes,Yes,No,Yes,Yes,Yes,Yes,Yes,No,Yes,Yes,Yes,Yes,Yes,Yes,Yes,No,Yes,No,Not Voting,Yes,Yes,No,Yes,Yes,Yes,Yes,Yes,No,Yes
145,1,G000584,Greg Gianforte,R,MT,Yes,Yes,Yes,Yes,Yes,Yes,Yes,Yes,No,Yes,Yes,Yes,Yes,Yes,Yes,Yes,Yes,Yes,No,Yes,Yes,Yes,Yes,Yes,Yes,Yes,Yes,Yes,No,Yes,Yes,Yes,Yes,Yes,Yes,Yes,Yes,Yes,No,Yes
146,7,G000563,Bob Gibbs,R,OH,Yes,Yes,Yes,Yes,Yes,Yes,Yes,Yes,No,Yes,Yes,Yes,No,Yes,Yes,Yes,Yes,Yes,No,Yes,Yes,Yes,Yes,Yes,Yes,Yes,Yes,Yes,No,Yes,Yes,Yes,No,Yes,Yes,Yes,Yes,Yes,No,Yes
147,1,G000552,Louie Gohmert,R,TX,Yes,Yes,Yes,Yes,Yes,Yes,Yes,Yes,No,Not Voting,Yes,Yes,Not Voting,Yes,Not Voting,Yes,Yes,Yes,No,Yes,Yes,Yes,Yes,Yes,Yes,Yes,Yes,Yes,No,Not Voting,Yes,Yes,Not Voting,Yes,Not Voting,Yes,Yes,Yes,No,Yes
148,34,G000585,Jimmy Gomez,D,CA,No,Yes,Yes,Yes,No,No,No,No,Yes,No,No,No,No,Yes,Yes,No,Yes,No,Yes,Yes,No,Yes,Yes,Yes,No,No,No,No,Yes,No,No,No,No,Yes,Yes,No,Yes,No,Yes,Yes
149,15,G000581,Vicente Gonzalez,D,TX,No,Yes,Yes,Yes,No,No,Yes,No,Yes,No,No,No,No,Yes,Yes,No,Yes,Yes,Yes,Yes,No,Yes,Yes,Yes,No,No,Yes,No,Yes,No,No,No,No,Yes,Yes,No,Yes,Yes,Yes,Yes
150,6,G000289,Robert W. Goodlatte,R,VA,Yes,Yes,Yes,Yes,Yes,Yes,Yes,Yes,No,Yes,Yes,Yes,Yes,Yes,Yes,Yes,Yes,Yes,No,Yes,Yes,Yes,Yes,Yes,Yes,Yes,Yes,Yes,No,Yes,Yes,Yes,Yes,Yes,Yes,Yes,Yes,Yes,No,Yes
151,4,G000565,Paul Gosar,R,AZ,Yes,Yes,Yes,Yes,Yes,Yes,Yes,Yes,No,No,Yes,Yes,No,Yes,No,Yes,Yes,Yes,No,Yes,Yes,Yes,Yes,Yes,Yes,Yes,Yes,Yes,No,No,Yes,Yes,No,Yes,No,Yes,Yes,Yes,No,Yes
152,5,G000583,Josh Gottheimer,D,NJ,No,Yes,Yes,Yes,No,No,Yes,No,Yes,No,No,No,No,Yes,Yes,No,Yes,No,Yes,Yes,No,Yes,Yes,Yes,No,No,Yes,No,Yes,No,No,No,No,Yes,Yes,No,Yes,No,Yes,Yes
153,4,G000566,Trey Gowdy,R,SC,Yes,Yes,Yes,Yes,Yes,Yes,Yes,Yes,No,Yes,Yes,Yes,Yes,Yes,Yes,Yes,Yes,Yes,No,Yes,Yes,Yes,Yes,Yes,Yes,Yes,Yes,Yes,No,Yes,Yes,Yes,Yes,Yes,Yes,Yes,Yes,Yes,No,Yes
154,12,G000377,Kay Granger,R,TX,Yes,Not Voting,Not Voting,Yes,Yes,Yes,Yes,Yes,No,Yes,Yes,Yes,Yes,Yes,Yes,Not Voting,Yes,Yes,No,Yes,Yes,Not Voting,Not Voting,Yes,Yes,Yes,Yes,Yes,No,Yes,Yes,Yes,Yes,Yes,Yes,Not Voting,Yes,Yes,No,Yes
155,14,G000560,Tom Graves,R,GA,Yes,Yes,Yes,Yes,Yes,Yes,Yes,Yes,No,No,Yes,Yes,No,Yes,Yes,Yes,Yes,Yes,No,Yes,Yes,Yes,Yes,Yes,Yes,Yes,Yes,Yes,No,No,Yes,Yes,No,Yes,Yes,Yes,Yes,Yes,No,Yes
156,6,G000577,Garret Graves,R,LA,Yes,Yes,Yes,Yes,Yes,Yes,Yes,No,No,No,Yes,Yes,No,Yes,Yes,Yes,Yes,Yes,No,Yes,Yes,Yes,Yes,Yes,Yes,Yes,Yes,No,No,No,Yes,Yes,No,Yes,Yes,Yes,Yes,Yes,No,Yes
157,6,G000546,Sam Graves,R,MO,Yes,Yes,Yes,Yes,Yes,Yes,Yes,Yes,No,No,Yes,Yes,Not Voting,Not Voting,Not Voting,Yes,Yes,Yes,No,Yes,Yes,Yes,Yes,Yes,Yes,Yes,Yes,Yes,No,No,Yes,Yes,Not Voting,Not Voting,Not Voting,Yes,Yes,Yes,No,Yes
158,9,G000553,Al Green,D,TX,No,Yes,Yes,Yes,No,No,Yes,No,Yes,No,No,No,Yes,Yes,Yes,No,Yes,No,Yes,Yes,No,Yes,Yes,Yes,No,No,Yes,No,Yes,No,No,No,Yes,Yes,Yes,No,Yes,No,Yes,Yes
159,29,G000410,Gene Green,D,TX,No,Yes,Yes,Yes,No,No,Yes,No,Yes,No,No,No,Not Voting,Yes,Yes,No,Yes,Yes,Yes,Yes,No,Yes,Yes,Yes,No,No,Yes,No,Yes,No,No,No,Not Voting,Yes,Yes,No,Yes,Yes,Yes,Yes
160,9,G000568,Morgan Griffith,R,VA,Yes,Yes,Yes,Yes,Yes,Yes,No,Yes,No,Yes,Yes,Yes,Yes,Yes,No,Yes,Yes,Yes,No,Yes,Yes,Yes,Yes,Yes,Yes,Yes,No,Yes,No,Yes,Yes,Yes,Yes,Yes,No,Yes,Yes,Yes,No,Yes
161,3,G000551,Raúl M. Grijalva,D,AZ,No,Yes,Yes,Yes,No,No,Not Voting,No,Yes,No,No,No,Not Voting,Yes,Yes,No,Yes,No,Yes,Yes,No,Yes,Yes,Yes,No,No,Not Voting,No,Yes,No,No,No,Not Voting,Yes,Yes,No,Yes,No,Yes,Yes
162,6,G000576,Glenn Grothman,R,WI,Yes,Yes,Yes,Yes,Yes,Yes,Yes,Yes,No,No,Yes,Yes,No,Yes,Yes,Yes,Yes,Yes,No,Yes,Yes,Yes,Yes,Yes,Yes,Yes,Yes,Yes,No,No,Yes,Yes,No,Yes,Yes,Yes,Yes,Yes,No,Yes
163,2,G000558,Brett Guthrie,R,KY,Yes,Yes,Yes,Yes,Yes,Yes,Yes,Yes,No,Yes,Yes,Yes,Yes,Yes,Yes,Yes,Yes,Yes,No,Yes,Yes,Yes,Yes,Yes,Yes,Yes,Yes,Yes,No,Yes,Yes,Yes,Yes,Yes,Yes,Yes,Yes,Yes,No,Yes
164,4,G000535,Luis V. Gutiérrez,D,IL,No,Yes,Yes,Yes,No,No,No,No,Yes,No,No,No,Not Voting,Not Voting,Not Voting,No,Yes,No,Yes,Yes,No,Yes,Yes,Yes,No,No,No,No,Yes,No,No,No,Not Voting,Not Voting,Not Voting,No,Yes,No,Yes,Yes
165,1,H001050,Colleen Hanabusa,D,HI,No,Yes,Yes,Yes,No,No,Yes,No,Yes,Yes,No,No,Yes,Yes,Yes,No,Yes,No,Yes,Yes,No,Yes,Yes,Yes,No,No,Yes,No,Yes,Yes,No,No,Yes,Yes,Yes,No,Yes,No,Yes,Yes
166,6,H001078,Karen Handel,R,GA,Yes,Yes,Yes,Yes,Yes,Yes,Yes,Yes,No,Yes,Yes,Yes,Yes,Yes,Yes,Yes,Yes,Yes,No,Yes,Yes,Yes,Yes,Yes,Yes,Yes,Yes,Yes,No,Yes,Yes,Yes,Yes,Yes,Yes,Yes,Yes,Yes,No,Yes
167,3,H001045,Gregg Harper,R,MS,Yes,Yes,Yes,Yes,Yes,Yes,Yes,Yes,No,Yes,Yes,Yes,Yes,Yes,Yes,Yes,Yes,Yes,No,Yes,Yes,Yes,Yes,Yes,Yes,Yes,Yes,Yes,No,Yes,Yes,Yes,Yes,Yes,Yes,Yes,Yes,Yes,No,Yes
168,1,H001052,Andy Harris,R,MD,Yes,Yes,Yes,Yes,Yes,Yes,Yes,Yes,No,Yes,Yes,Yes,Yes,Yes,No,Yes,Yes,No,No,Yes,Yes,Yes,Yes,Yes,Yes,Yes,Yes,Yes,No,Yes,Yes,Yes,Yes,Yes,No,Yes,Yes,No,No,Yes
169,4,H001053,Vicky Hartzler,R,MO,Yes,Yes,Yes,Yes,Yes,Yes,Yes,Yes,No,Yes,Yes,Yes,Not Voting,Yes,Yes,Yes,Yes,Yes,No,Yes,Yes,Yes,Yes,Yes,Yes,Yes,Yes,Yes,No,Yes,Yes,Yes,Not Voting,Yes,Yes,Yes,Yes,Yes,No,Yes
170,20,H000324,Alcee L. Hastings,D,FL,No,Yes,Yes,Yes,No,No,Yes,No,Yes,Yes,No,No,No,Yes,Yes,No,Yes,No,Yes,Yes,No,Yes,Yes,Yes,No,No,Yes,No,Yes,Yes,No,No,No,Yes,Yes,No,Yes,No,Yes,Yes
171,10,H001064,Denny Heck,D,WA,No,Yes,Yes,Yes,No,No,Yes,No,Yes,Yes,No,No,Yes,Yes,Yes,No,Yes,No,Yes,Yes,No,Yes,Yes,Yes,No,No,Yes,No,Yes,Yes,No,No,Yes,Yes,Yes,No,Yes,No,Yes,Yes
172,5,H001036,Jeb Hensarling,R,TX,Yes,Yes,Yes,Yes,Yes,Yes,Yes,Yes,No,Yes,Yes,Yes,Yes,Yes,Yes,Yes,Yes,Yes,No,Yes,Yes,Yes,Yes,Yes,Yes,Yes,Yes,Yes,No,Yes,Yes,Yes,Yes,Yes,Yes,Yes,Yes,Yes,No,Yes
173,3,H001056,Jaime Herrera Beutler,R,WA,Yes,Yes,Yes,Yes,Yes,Yes,Yes,Yes,No,No,Yes,Yes,No,Yes,Yes,Yes,Yes,Yes,No,Yes,Yes,Yes,Yes,Yes,Yes,Yes,Yes,Yes,No,No,Yes,Yes,No,Yes,Yes,Yes,Yes,Yes,No,Yes
174,10,H001071,Jody Hice,R,GA,Yes,Yes,Yes,Yes,Yes,Yes,Yes,Yes,No,No,Yes,Yes,No,Yes,Yes,Yes,Yes,Yes,No,Yes,Yes,Yes,Yes,Yes,Yes,Yes,Yes,Yes,No,No,Yes,Yes,No,Yes,Yes,Yes,Yes,Yes,No,Yes
175,3,H001077,Clay Higgins,R,LA,Yes,Yes,Yes,Yes,Yes,Yes,Yes,Yes,No,Yes,Yes,Yes,Yes,Not Voting,Yes,Yes,Yes,Yes,No,Yes,Yes,Yes,Yes,Yes,Yes,Yes,Yes,Yes,No,Yes,Yes,Yes,Yes,Not Voting,Yes,Yes,Yes,Yes,No,Yes
176,26,H001038,Brian Higgins,D,NY,No,Yes,Yes,Yes,No,No,Yes,No,Yes,Yes,No,No,Yes,Yes,Yes,No,Yes,No,Yes,Yes,No,Yes,Yes,Yes,No,No,Yes,No,Yes,Yes,No,No,Yes,Yes,Yes,No,Yes,No,Yes,Yes
177,2,H001072,French Hill,R,AR,Yes,Yes,Yes,Yes,Yes,Yes,Yes,Yes,No,No,Yes,Yes,Yes,Yes,Yes,Yes,Yes,Yes,No,Yes,Yes,Yes,Yes,Yes,Yes,Yes,Yes,Yes,No,No,Yes,Yes,Yes,Yes,Yes,Yes,Yes,Yes,No,Yes
178,4,H001047,Jim Himes,D,CT,No,Yes,Yes,Yes,No,No,Yes,No,Yes,Yes,No,No,Yes,Yes,Yes,No,Yes,No,Yes,Yes,No,Yes,Yes,Yes,No,No,Yes,No,Yes,Yes,No,No,Yes,Yes,Yes,No,Yes,No,Yes,Yes
179,2,H001065,George Holding,R,NC,Yes,Yes,Yes,Yes,Yes,Yes,Yes,Yes,No,No,Not Voting,Yes,No,Yes,Yes,Yes,Yes,Yes,No,Yes,Yes,Yes,Yes,Yes,Yes,Yes,Yes,Yes,No,No,Not Voting,Yes,No,Yes,Yes,Yes,Yes,Yes,No,Yes
180,9,H001074,Trey Hollingsworth,R,IN,Yes,Yes,Yes,Yes,Yes,Yes,Yes,Yes,No,Yes,Yes,Yes,Yes,Yes,Yes,Yes,Yes,Yes,No,Yes,Yes,Yes,Yes,Yes,Yes,Yes,Yes,Yes,No,Yes,Yes,Yes,Yes,Yes,Yes,Yes,Yes,Yes,No,Yes
181,5,H000874,Steny H. Hoyer,D,MD,No,Yes,Yes,Yes,No,No,Yes,No,Yes,Not Voting,No,No,No,Yes,Yes,No,Yes,No,Yes,Yes,No,Yes,Yes,Yes,No,No,Yes,No,Yes,Not Voting,No,No,No,Yes,Yes,No,Yes,No,Yes,Yes
182,8,H001067,Richard Hudson,R,NC,Yes,Not Voting,Yes,Yes,Yes,Yes,Yes,Yes,No,No,Yes,Yes,No,Yes,Yes,Yes,Yes,Yes,No,Yes,Yes,Not Voting,Yes,Yes,Yes,Yes,Yes,Yes,No,No,Yes,Yes,No,Yes,Yes,Yes,Yes,Yes,No,Yes
183,2,H001068,Jared Huffman,D,CA,No,Yes,Yes,Yes,No,No,No,Yes,Yes,Yes,No,No,Not Voting,Not Voting,Not Voting,No,Yes,No,Yes,Yes,No,Yes,Yes,Yes,No,No,No,Yes,Yes,Yes,No,No,Not Voting,Not Voting,Not Voting,No,Yes,No,Yes,Yes
184,2,H001058,Bill Huizenga,R,MI,Yes,Yes,Yes,Yes,Yes,Yes,Yes,Yes,No,No,Yes,Yes,No,Yes,Yes,Yes,Yes,Yes,No,Yes,Yes,Yes,Yes,Yes,Yes,Yes,Yes,Yes,No,No,Yes,Yes,No,Yes,Yes,Yes,Yes,Yes,No,Yes
185,14,H001059,Randy Hultgren,R,IL,Yes,Yes,Yes,Yes,Yes,Yes,Yes,Yes,No,Yes,Yes,Yes,Yes,Yes,Yes,Yes,Yes,Yes,No,Yes,Yes,Yes,Yes,Yes,Yes,Yes,Yes,Yes,No,Yes,Yes,Yes,Yes,Yes,Yes,Yes,Yes,Yes,No,Yes
186,50,H001048,Duncan D. Hunter,R,CA,Yes,Yes,Yes,Yes,Yes,Yes,Yes,Yes,No,Yes,Yes,Yes,No,Yes,No,Yes,Yes,Yes,No,Yes,Yes,Yes,Yes,Yes,Yes,Yes,Yes,Yes,No,Yes,Yes,Yes,No,Yes,No,Yes,Yes,Yes,No,Yes
187,23,H001073,Will Hurd,R,TX,Yes,Yes,Yes,Yes,Yes,Yes,Yes,Yes,No,No,Yes,Yes,No,Yes,Yes,Not Voting,Not Voting,Not Voting,Not Voting,Not Voting,Yes,Yes,Yes,Yes,Yes,Yes,Yes,Yes,No,No,Yes,Yes,No,Yes,Yes,Not Voting,Not Voting,Not Voting,Not Voting,Not Voting
188,49,I000056,Darrell Issa,R,CA,No,Yes,Yes,Yes,Yes,Yes,Yes,Yes,No,No,Yes,Yes,Yes,Yes,Yes,Yes,Yes,Yes,No,Yes,No,Yes,Yes,Yes,Yes,Yes,Yes,Yes,No,No,Yes,Yes,Yes,Yes,Yes,Yes,Yes,Yes,No,Yes
189,18,J000032,Sheila Jackson Lee,D,TX,No,Yes,Yes,Yes,No,No,Yes,No,Yes,No,No,No,No,Yes,Yes,No,Yes,No,Yes,Yes,No,Yes,Yes,Yes,No,No,Yes,No,Yes,No,No,No,No,Yes,Yes,No,Yes,No,Yes,Yes
190,7,J000298,Pramila Jayapal,D,WA,No,Yes,Yes,Yes,No,No,No,No,Yes,No,No,No,No,Yes,No,No,Yes,No,Yes,Yes,No,Yes,Yes,Yes,No,No,No,No,Yes,No,No,No,No,Yes,No,No,Yes,No,Yes,Yes
191,8,J000294,Hakeem Jeffries,D,NY,No,Yes,Yes,Yes,No,No,No,No,Yes,No,No,No,No,Yes,Yes,No,Yes,No,Yes,Yes,No,Yes,Yes,Yes,No,No,No,No,Yes,No,No,No,No,Yes,Yes,No,Yes,No,Yes,Yes
192,2,J000290,Lynn Jenkins,R,KS,Yes,Yes,Yes,Yes,Yes,Yes,Yes,Yes,No,No,Yes,Yes,No,Yes,Yes,Yes,Yes,Yes,No,Yes,Yes,Yes,Yes,Yes,Yes,Yes,Yes,Yes,No,No,Yes,Yes,No,Yes,Yes,Yes,Yes,Yes,No,Yes
193,3,J000297,Evan Jenkins,R,WV,Yes,Yes,Yes,Yes,Yes,Yes,Yes,Yes,No,No,Yes,Yes,No,Yes,Yes,Yes,Yes,Yes,No,Yes,Yes,Yes,Yes,Yes,Yes,Yes,Yes,Yes,No,No,Yes,Yes,No,Yes,Yes,Yes,Yes,Yes,No,Yes
194,4,J000288,Hank Johnson,D,GA,No,Yes,Yes,Yes,No,No,No,No,Yes,Yes,No,No,Yes,Yes,Present,No,Yes,No,Yes,Yes,No,Yes,Yes,Yes,No,No,No,No,Yes,Yes,No,No,Yes,Yes,Present,No,Yes,No,Yes,Yes
195,4,J000299,Mike Johnson,R,LA,Yes,Yes,Yes,Yes,Yes,Yes,Yes,Yes,No,Yes,Yes,Yes,Yes,Yes,Yes,Yes,Yes,Yes,No,Yes,Yes,Yes,Yes,Yes,Yes,Yes,Yes,Yes,No,Yes,Yes,Yes,Yes,Yes,Yes,Yes,Yes,Yes,No,Yes
196,6,J000292,Bill Johnson,R,OH,Yes,Yes,Yes,Yes,Yes,Yes,Yes,Yes,No,No,Yes,Yes,No,Yes,Yes,Yes,Yes,Yes,No,Yes,Yes,Yes,Yes,Yes,Yes,Yes,Yes,Yes,No,No,Yes,Yes,No,Yes,Yes,Yes,Yes,Yes,No,Yes
197,30,J000126,Eddie Bernice Johnson,D,TX,No,Yes,Yes,Yes,No,No,Yes,No,Yes,Yes,No,No,No,Yes,Yes,Not Voting,Not Voting,Not Voting,Not Voting,Not Voting,No,Yes,Yes,Yes,No,No,Yes,No,Yes,Yes,No,No,No,Yes,Yes,Not Voting,Not Voting,Not Voting,Not Voting,Not Voting
198,3,J000174,Sam Johnson,R,TX,Yes,Not Voting,Not Voting,Not Voting,Not Voting,Not Voting,Not Voting,Not Voting,Not Voting,Not Voting,Not Voting,Not Voting,Not Voting,Not Voting,Not Voting,Yes,Yes,Yes,Not Voting,Yes,Yes,Not Voting,Not Voting,Not Voting,Not Voting,Not Voting,Not Voting,Not Voting,Not Voting,Not Voting,Not Voting,Not Voting,Not Voting,Not Voting,Not Voting,Yes,Yes,Yes,Not Voting,Yes
199,3,J000255,Walter B. Jones,R,NC,No,Yes,Yes,Yes,Yes,No,No,No,No,No,Yes,Yes,Yes,Yes,No,No,Yes,No,Yes,Yes,No,Yes,Yes,Yes,Yes,No,No,No,No,No,Yes,Yes,Yes,Yes,No,No,Yes,No,Yes,Yes
200,4,J000289,Jim Jordan,R,OH,Yes,Yes,Not Voting,Yes,Yes,Yes,Yes,Yes,No,No,Yes,Yes,No,Yes,No,Yes,Yes,Yes,No,Yes,Yes,Yes,Not Voting,Yes,Yes,Yes,Yes,Yes,No,No,Yes,Yes,No,Yes,No,Yes,Yes,Yes,No,Yes
201,14,J000295,Dave Joyce,R,OH,Yes,Yes,Yes,Yes,Yes,Yes,Yes,Yes,No,No,Yes,Yes,No,Yes,Yes,Yes,Yes,Yes,No,Yes,Yes,Yes,Yes,Yes,Yes,Yes,Yes,Yes,No,No,Yes,Yes,No,Yes,Yes,Yes,Yes,Yes,No,Yes
202,9,K000009,Marcy Kaptur,D,OH,No,Yes,Yes,Yes,No,No,Yes,No,Yes,Yes,No,No,Yes,Yes,Yes,No,Yes,No,Yes,Yes,No,Yes,Yes,Yes,No,No,Yes,No,Yes,Yes,No,No,Yes,Yes,Yes,No,Yes,No,Yes,Yes
203,24,K000386,John Katko,R,NY,Yes,Yes,Yes,Yes,Yes,Yes,Yes,Yes,No,No,Yes,Yes,No,Yes,Yes,Yes,Yes,Yes,No,Yes,Yes,Yes,Yes,Yes,Yes,Yes,Yes,Yes,No,No,Yes,Yes,No,Yes,Yes,Yes,Yes,Yes,No,Yes
204,9,K000375,Bill Keating,D,MA,No,Yes,Yes,Yes,No,No,Yes,No,Yes,Yes,No,No,No,Yes,Yes,No,Yes,No,Yes,Yes,No,Yes,Yes,Yes,No,No,Yes,No,Yes,Yes,No,No,No,Yes,Yes,No,Yes,No,Yes,Yes
205,2,K000385,Robin Kelly,D,IL,No,Yes,Yes,Yes,No,No,Yes,No,Yes,No,No,No,No,Yes,Yes,No,Yes,No,Yes,Yes,No,Yes,Yes,Yes,No,No,Yes,No,Yes,No,No,No,No,Yes,Yes,No,Yes,No,Yes,Yes
206,1,K000388,Trent Kelly,R,MS,Yes,Yes,Yes,Yes,Yes,Yes,Yes,Yes,No,Yes,Yes,Yes,Yes,Yes,Yes,Yes,Yes,Yes,No,Yes,Yes,Yes,Yes,Yes,Yes,Yes,Yes,Yes,No,Yes,Yes,Yes,Yes,Yes,Yes,Yes,Yes,Yes,No,Yes
207,3,K000376,Mike Kelly,R,PA,Yes,Yes,Yes,Yes,Yes,Yes,Yes,Yes,No,Yes,Yes,Yes,Yes,Yes,Yes,Yes,Yes,Yes,No,Yes,Yes,Yes,Yes,Yes,Yes,Yes,Yes,Yes,No,Yes,Yes,Yes,Yes,Yes,Yes,Yes,Yes,Yes,No,Yes
208,4,K000379,Joseph P. Kennedy III,D,MA,No,Yes,Yes,Yes,No,No,No,No,Yes,Yes,No,No,Yes,Yes,Yes,No,Yes,No,Yes,Yes,No,Yes,Yes,Yes,No,No,No,No,Yes,Yes,No,No,Yes,Yes,Yes,No,Yes,No,Yes,Yes
209,17,K000389,Ro Khanna,D,CA,No,Yes,Yes,Yes,No,No,No,No,Yes,No,No,No,Yes,Yes,Yes,No,Yes,No,Yes,Yes,No,Yes,Yes,Yes,No,No,No,No,Yes,No,No,No,Yes,Yes,Yes,No,Yes,No,Yes,Yes
210,4,K000390,Ruben Kihuen,D,NV,No,Yes,Yes,Not Voting,No,No,Yes,No,Yes,No,No,No,No,Yes,Yes,No,Yes,No,Yes,Yes,No,Yes,Yes,Not Voting,No,No,Yes,No,Yes,No,No,No,No,Yes,Yes,No,Yes,No,Yes,Yes
211,5,K000380,Dan Kildee,D,MI,No,Yes,Yes,Yes,No,No,No,No,Yes,Yes,No,No,Yes,Yes,Yes,No,Yes,No,Yes,Yes,No,Yes,Yes,Yes,No,No,No,No,Yes,Yes,No,No,Yes,Yes,Yes,No,Yes,No,Yes,Yes
212,6,K000381,Derek Kilmer,D,WA,No,Yes,Yes,Yes,No,No,Yes,No,Yes,No,No,No,No,Yes,Yes,No,Yes,No,Yes,Yes,No,Yes,Yes,Yes,No,No,Yes,No,Yes,No,No,No,No,Yes,Yes,No,Yes,No,Yes,Yes
213,3,K000188,Ron Kind,D,WI,No,Yes,Yes,Yes,No,No,Yes,No,Yes,No,No,No,No,Yes,Yes,No,Yes,No,Yes,Yes,No,Yes,Yes,Yes,No,No,Yes,No,Yes,No,No,No,No,Yes,Yes,No,Yes,No,Yes,Yes
214,4,K000362,Steve King,R,IA,Yes,Yes,Yes,Yes,Yes,Yes,Yes,Yes,No,Yes,Yes,Yes,Yes,Yes,Yes,Yes,Yes,Yes,No,Yes,Yes,Yes,Yes,Yes,Yes,Yes,Yes,Yes,No,Yes,Yes,Yes,Yes,Yes,Yes,Yes,Yes,Yes,No,Yes
215,2,K000210,Peter T. King,R,NY,No,Yes,Yes,Yes,Yes,Yes,Yes,No,No,Yes,Yes,Yes,Yes,Yes,Yes,Yes,Yes,Yes,No,Yes,No,Yes,Yes,Yes,Yes,Yes,Yes,No,No,Yes,Yes,Yes,Yes,Yes,Yes,Yes,Yes,Yes,No,Yes
216,16,K000378,Adam Kinzinger,R,IL,Yes,Yes,Yes,Yes,Yes,Yes,Yes,Yes,No,No,Yes,Yes,No,Yes,No,Yes,Yes,Yes,No,Yes,Yes,Yes,Yes,Yes,Yes,Yes,Yes,Yes,No,No,Yes,Yes,No,Yes,No,Yes,Yes,Yes,No,Yes
217,25,K000387,Steve Knight,R,CA,Yes,Yes,Yes,Yes,Yes,Yes,Yes,Yes,No,No,Yes,Yes,No,Yes,Yes,Yes,Yes,Yes,No,Yes,Yes,Yes,Yes,Yes,Yes,Yes,Yes,Yes,No,No,Yes,Yes,No,Yes,Yes,Yes,Yes,Yes,No,Yes
218,8,K000391,Raja Krishnamoorthi,D,IL,No,Yes,Yes,Not Voting,No,No,Yes,No,Yes,Yes,No,No,Yes,Yes,Yes,No,Yes,No,Yes,Yes,No,Yes,Yes,Not Voting,No,No,Yes,No,Yes,Yes,No,No,Yes,Yes,Yes,No,Yes,No,Yes,Yes
219,2,K000382,Ann McLane Kuster,D,NH,No,Yes,Yes,Yes,No,No,Yes,No,Yes,Yes,No,No,Yes,Yes,Yes,No,Yes,No,Yes,Yes,No,Yes,Yes,Yes,No,No,Yes,No,Yes,Yes,No,No,Yes,Yes,Yes,No,Yes,No,Yes,Yes
220,8,K000392,David Kustoff,R,TN,Yes,Yes,Yes,Yes,Yes,Yes,Yes,Yes,No,Yes,Yes,Yes,Yes,Yes,Yes,Yes,Yes,Yes,No,Yes,Yes,Yes,Yes,Yes,Yes,Yes,Yes,Yes,No,Yes,Yes,Yes,Yes,Yes,Yes,Yes,Yes,Yes,No,Yes
221,1,L000573,Raúl Labrador,R,ID,Yes,Yes,Yes,Yes,Yes,Yes,No,Yes,No,Yes,Yes,Yes,Not Voting,Not Voting,Not Voting,Yes,Yes,Yes,No,Yes,Yes,Yes,Yes,Yes,Yes,Yes,No,Yes,No,Yes,Yes,Yes,Not Voting,Not Voting,Not Voting,Yes,Yes,Yes,No,Yes
222,18,L000585,Darin M. LaHood,R,IL,Yes,Yes,Yes,Yes,Yes,Yes,Yes,Yes,No,No,Yes,Yes,No,Yes,Yes,Yes,Not Voting,Yes,No,Yes,Yes,Yes,Yes,Yes,Yes,Yes,Yes,Yes,No,No,Yes,Yes,No,Yes,Yes,Yes,Not Voting,Yes,No,Yes
223,1,L000578,Doug LaMalfa,R,CA,Yes,Yes,Yes,Yes,Yes,Yes,Yes,Yes,No,Yes,Yes,Yes,Yes,Yes,Yes,Yes,Yes,Yes,No,Yes,Yes,Yes,Yes,Yes,Yes,Yes,Yes,Yes,No,Yes,Yes,Yes,Yes,Yes,Yes,Yes,Yes,Yes,No,Yes
224,5,L000564,Doug Lamborn,R,CO,Yes,Yes,Yes,Yes,Yes,Yes,Yes,Yes,No,Yes,Yes,Yes,Yes,Yes,Yes,Yes,Yes,Yes,No,Yes,Yes,Yes,Yes,Yes,Yes,Yes,Yes,Yes,No,Yes,Yes,Yes,Yes,Yes,Yes,Yes,Yes,Yes,No,Yes
225,7,L000567,Leonard Lance,R,NJ,No,Yes,Yes,Yes,Yes,Yes,Yes,Yes,No,No,Yes,Yes,No,Yes,Yes,Yes,Yes,Yes,No,Yes,No,Yes,Yes,Yes,Yes,Yes,Yes,Yes,No,No,Yes,Yes,No,Yes,Yes,Yes,Yes,Yes,No,Yes
226,2,L000559,Jim Langevin,D,RI,No,Yes,Yes,Yes,No,No,Yes,No,Yes,No,No,No,Yes,Yes,Yes,No,Yes,No,Yes,Yes,No,Yes,Yes,Yes,No,No,Yes,No,Yes,No,No,No,Yes,Yes,Yes,No,Yes,No,Yes,Yes
227,2,L000560,Rick Larsen,D,WA,No,Yes,Yes,Yes,No,No,Yes,No,Yes,Yes,No,No,Yes,Yes,Yes,No,Yes,No,Yes,Yes,No,Yes,Yes,Yes,No,No,Yes,No,Yes,Yes,No,No,Yes,Yes,Yes,No,Yes,No,Yes,Yes
228,1,L000557,John B. Larson,D,CT,No,Yes,Yes,Yes,No,No,Yes,No,Yes,Not Voting,No,No,Yes,Yes,Yes,No,Yes,No,Yes,Yes,No,Yes,Yes,Yes,No,No,Yes,No,Yes,Not Voting,No,No,Yes,Yes,Yes,No,Yes,No,Yes,Yes
229,5,L000566,Robert E. Latta,R,OH,Yes,Yes,Yes,Yes,Yes,Yes,Yes,Yes,No,Yes,Yes,Yes,No,Yes,Yes,Yes,Yes,Yes,No,Yes,Yes,Yes,Yes,Yes,Yes,Yes,Yes,Yes,No,Yes,Yes,Yes,No,Yes,Yes,Yes,Yes,Yes,No,Yes
230,14,L000581,Brenda Lawrence,D,MI,No,Yes,Yes,Yes,No,No,Yes,No,Yes,Yes,No,No,Yes,Yes,Yes,No,Yes,No,Yes,Yes,No,Yes,Yes,Yes,No,No,Yes,No,Yes,Yes,No,No,Yes,Yes,Yes,No,Yes,No,Yes,Yes
231,5,L000586,Al Lawson,D,FL,No,Yes,Yes,Yes,No,No,Yes,No,Yes,No,No,No,No,Yes,Yes,No,Yes,No,Not Voting,Yes,No,Yes,Yes,Yes,No,No,Yes,No,Yes,No,No,No,No,Yes,Yes,No,Yes,No,Not Voting,Yes
232,13,L000551,Barbara Lee,D,CA,No,Yes,Yes,Yes,No,No,No,No,Yes,No,No,No,No,Yes,No,No,Yes,No,Yes,Yes,No,Yes,Yes,Yes,No,No,No,No,Yes,No,No,No,No,Yes,No,No,Yes,No,Yes,Yes
233,9,L000263,Sander M. Levin,D,MI,No,Yes,Yes,Yes,No,No,No,No,Yes,No,No,No,Yes,Yes,Yes,No,Yes,No,Yes,Yes,No,Yes,Yes,Yes,No,No,No,No,Yes,No,No,No,Yes,Yes,Yes,No,Yes,No,Yes,Yes
234,5,L000287,John Lewis,D,GA,No,Yes,Yes,Yes,No,No,No,No,Yes,No,No,No,No,Yes,Yes,No,Yes,No,Yes,Yes,No,Yes,Yes,Yes,No,No,No,No,Yes,No,No,No,No,Yes,Yes,No,Yes,No,Yes,Yes
235,2,L000587,Jason Lewis,R,MN,Yes,Yes,Yes,Yes,Yes,Yes,Yes,Yes,No,Yes,Yes,Yes,Yes,Yes,Yes,Yes,Yes,Yes,No,Yes,Yes,Yes,Yes,Yes,Yes,Yes,Yes,Yes,No,Yes,Yes,Yes,Yes,Yes,Yes,Yes,Yes,Yes,No,Yes
236,33,L000582,Ted Lieu,D,CA,No,Yes,Yes,Yes,No,No,Yes,No,Yes,No,No,No,Not Voting,Not Voting,Not Voting,No,Yes,No,Yes,Yes,No,Yes,Yes,Yes,No,No,Yes,No,Yes,No,No,No,Not Voting,Not Voting,Not Voting,No,Yes,No,Yes,Yes
237,3,L000563,Daniel Lipinski,D,IL,No,Yes,Yes,Yes,No,No,Yes,Yes,Yes,Yes,No,No,Not Voting,Not Voting,Not Voting,No,Yes,No,Yes,Yes,No,Yes,Yes,Yes,No,No,Yes,Yes,Yes,Yes,No,No,Not Voting,Not Voting,Not Voting,No,Yes,No,Yes,Yes
238,2,L000554,Frank A. LoBiondo,R,NJ,No,Yes,Yes,Yes,Yes,Yes,Yes,No,No,No,Yes,Yes,No,Yes,Yes,Yes,Yes,Yes,No,Yes,No,Yes,Yes,Yes,Yes,Yes,Yes,No,No,No,Yes,Yes,No,Yes,Yes,Yes,Yes,Yes,No,Yes
239,2,L000565,Dave Loebsack,D,IA,No,Yes,Yes,Yes,No,No,Yes,No,Yes,No,No,No,Not Voting,Not Voting,Not Voting,No,Yes,Yes,Yes,Yes,No,Yes,Yes,Yes,No,No,Yes,No,Yes,No,No,No,Not Voting,Not Voting,Not Voting,No,Yes,Yes,Yes,Yes
240,19,L000397,Zoe Lofgren,D,CA,No,Yes,Yes,Yes,No,No,No,No,Yes,No,No,No,No,Yes,Yes,No,Yes,No,Yes,Yes,No,Yes,Yes,Yes,No,No,No,No,Yes,No,No,No,No,Yes,Yes,No,Yes,No,Yes,Yes
241,7,L000576,Billy Long,R,MO,Yes,Yes,Yes,Yes,Yes,Yes,Yes,Yes,No,Yes,Yes,Yes,Yes,Yes,Yes,Yes,Yes,Yes,No,Yes,Yes,Yes,Yes,Yes,Yes,Yes,Yes,Yes,No,Yes,Yes,Yes,Yes,Yes,Yes,Yes,Yes,Yes,No,Yes
242,11,L000583,Barry Loudermilk,R,GA,Yes,Yes,Yes,Yes,Yes,Yes,Yes,Yes,No,Yes,Yes,Yes,Yes,Yes,Yes,Yes,Yes,Yes,No,Yes,Yes,Yes,Yes,Yes,Yes,Yes,Yes,Yes,No,Yes,Yes,Yes,Yes,Yes,Yes,Yes,Yes,Yes,No,Yes
243,4,L000584,Mia Love,R,UT,Yes,Yes,Yes,Yes,Yes,Yes,Yes,Yes,No,Yes,Yes,Yes,Yes,Yes,Yes,Yes,Yes,Yes,No,Yes,Yes,Yes,Yes,Yes,Yes,Yes,Yes,Yes,No,Yes,Yes,Yes,Yes,Yes,Yes,Yes,Yes,Yes,No,Yes
244,47,L000579,Alan Lowenthal,D,CA,No,Yes,Yes,Yes,No,No,No,No,Yes,Yes,No,No,Yes,Yes,Yes,No,Yes,No,Yes,Yes,No,Yes,Yes,Yes,No,No,No,No,Yes,Yes,No,No,Yes,Yes,Yes,No,Yes,No,Yes,Yes
245,17,L000480,Nita M. Lowey,D,NY,No,Yes,Yes,Yes,No,No,Yes,No,Yes,Yes,No,No,Yes,Yes,Yes,No,Yes,No,Yes,Yes,No,Yes,Yes,Yes,No,No,Yes,No,Yes,Yes,No,No,Yes,Yes,Yes,No,Yes,No,Yes,Yes
246,3,L000491,Frank D. Lucas,R,OK,Yes,Yes,Yes,Yes,Yes,Yes,Yes,Yes,No,Yes,Yes,Yes,Yes,Yes,Yes,Yes,Yes,Yes,No,Yes,Yes,Yes,Yes,Yes,Yes,Yes,Yes,Yes,No,Yes,Yes,Yes,Yes,Yes,Yes,Yes,Yes,Yes,No,Yes
247,3,L000569,Blaine Luetkemeyer,R,MO,Yes,Yes,Yes,Yes,Yes,Yes,Yes,Yes,No,Yes,Yes,Yes,Yes,Yes,Yes,Yes,Yes,Yes,No,Yes,Yes,Yes,Yes,Yes,Yes,Yes,Yes,Yes,No,Yes,Yes,Yes,Yes,Yes,Yes,Yes,Yes,Yes,No,Yes
248,1,L000580,Michelle Lujan Grisham,D,NM,No,Yes,Yes,Yes,No,No,Yes,No,Yes,Yes,No,No,Yes,Yes,Yes,No,Yes,No,Yes,Yes,No,Yes,Yes,Yes,No,No,Yes,No,Yes,Yes,No,No,Yes,Yes,Yes,No,Yes,No,Yes,Yes
249,3,L000570,Ben Ray Luján,D,NM,No,Yes,Yes,Yes,No,No,Yes,No,Yes,Yes,No,No,Yes,Yes,Yes,No,Yes,No,Yes,Yes,No,Yes,Yes,Yes,No,No,Yes,No,Yes,Yes,No,No,Yes,Yes,Yes,No,Yes,No,Yes,Yes
250,8,L000562,Stephen F. Lynch,D,MA,No,Yes,Yes,Yes,No,No,No,No,Yes,No,No,No,No,Yes,Yes,No,Yes,No,Yes,Yes,No,Yes,Yes,Yes,No,No,No,No,Yes,No,No,No,No,Yes,Yes,No,Yes,No,Yes,Yes
251,3,M001193,Tom MacArthur,R,NJ,Yes,Yes,Yes,Yes,Yes,Yes,Yes,Yes,No,No,Yes,Yes,No,Yes,Yes,Yes,Yes,Yes,No,Yes,Yes,Yes,Yes,Yes,Yes,Yes,Yes,Yes,No,No,Yes,Yes,No,Yes,Yes,Yes,Yes,Yes,No,Yes
252,12,M000087,Carolyn B. Maloney,D,NY,No,Yes,Yes,Yes,No,No,Yes,No,Not Voting,Yes,No,No,Yes,Yes,Yes,No,Yes,No,Yes,Yes,No,Yes,Yes,Yes,No,No,Yes,No,Not Voting,Yes,No,No,Yes,Yes,Yes,No,Yes,No,Yes,Yes
253,18,M001185,Sean Patrick Maloney,D,NY,No,Yes,Yes,Yes,No,No,Yes,No,Yes,No,No,No,No,Yes,Not Voting,No,Yes,No,Yes,Yes,No,Yes,Yes,Yes,No,No,Yes,No,Yes,No,No,No,No,Yes,Not Voting,No,Yes,No,Yes,Yes
254,24,M001158,Kenny Marchant,R,TX,Yes,Yes,Yes,Yes,Yes,Yes,Yes,Yes,No,No,Yes,Yes,No,Yes,Yes,Yes,Yes,Yes,No,Yes,Yes,Yes,Yes,Yes,Yes,Yes,Yes,Yes,No,No,Yes,Yes,No,Yes,Yes,Yes,Yes,Yes,No,Yes
255,10,M001179,Tom Marino,R,PA,Yes,Yes,Yes,Yes,Yes,Yes,Yes,Yes,No,Yes,Yes,Yes,Yes,Yes,Yes,Yes,Yes,Yes,No,Yes,Yes,Yes,Yes,Yes,Yes,Yes,Yes,Yes,No,Yes,Yes,Yes,Yes,Yes,Yes,Yes,Yes,Yes,No,Yes
256,1,M001198,Roger Marshall,R,KS,Yes,Yes,Yes,Yes,Yes,Yes,Yes,Yes,No,No,Yes,Yes,Yes,Yes,Yes,Yes,Yes,Yes,No,Yes,Yes,Yes,Yes,Yes,Yes,Yes,Yes,Yes,No,No,Yes,Yes,Yes,Yes,Yes,Yes,Yes,Yes,No,Yes
257,4,M001184,Thomas Massie,R,KY,Yes,Yes,Yes,Yes,Yes,Yes,No,Yes,No,Yes,No,Yes,Yes,Yes,No,Yes,Yes,Yes,No,Yes,Yes,Yes,Yes,Yes,Yes,Yes,No,Yes,No,Yes,No,Yes,Yes,Yes,No,Yes,Yes,Yes,No,Yes
258,18,M001199,Brian Mast,R,FL,Yes,Yes,Yes,Yes,Yes,Yes,Yes,Yes,No,No,Yes,Yes,No,Yes,Yes,Yes,Yes,Yes,No,Yes,Yes,Yes,Yes,Yes,Yes,Yes,Yes,Yes,No,No,Yes,Yes,No,Yes,Yes,Yes,Yes,Yes,No,Yes
259,6,M001163,Doris Matsui,D,CA,No,Yes,Yes,Yes,No,No,No,No,Yes,No,No,No,No,Yes,Yes,No,Yes,No,Yes,Yes,No,Yes,Yes,Yes,No,No,No,No,Yes,No,No,No,No,Yes,Yes,No,Yes,No,Yes,Yes
260,23,M001165,Kevin McCarthy,R,CA,Yes,Yes,Yes,Yes,Yes,Yes,Yes,Yes,No,Yes,Yes,Yes,Yes,Yes,Yes,Yes,Yes,Yes,No,Yes,Yes,Yes,Yes,Yes,Yes,Yes,Yes,Yes,No,Yes,Yes,Yes,Yes,Yes,Yes,Yes,Yes,Yes,No,Yes
261,10,M001157,Michael McCaul,R,TX,Yes,Yes,Yes,Yes,Yes,Yes,Yes,Yes,No,Yes,Yes,Yes,Yes,Yes,Yes,Yes,Yes,Yes,No,Yes,Yes,Yes,Yes,Yes,Yes,Yes,Yes,Yes,No,Yes,Yes,Yes,Yes,Yes,Yes,Yes,Yes,Yes,No,Yes
262,4,M001177,Tom McClintock,R,CA,No,Yes,Yes,Yes,Yes,Yes,Yes,Yes,No,Yes,Yes,Yes,Yes,Yes,Yes,Yes,Yes,Yes,No,Yes,No,Yes,Yes,Yes,Yes,Yes,Yes,Yes,No,Yes,Yes,Yes,Yes,Yes,Yes,Yes,Yes,Yes,No,Yes
263,4,M001143,Betty McCollum,D,MN,No,Yes,Yes,Yes,No,No,Yes,No,Yes,Yes,No,No,Yes,Yes,Yes,No,Yes,No,Yes,Yes,No,Yes,Yes,Yes,No,No,Yes,No,Yes,Yes,No,No,Yes,Yes,Yes,No,Yes,No,Yes,Yes
264,4,M001200,A. Donald McEachin,D,VA,No,Yes,Yes,Yes,No,No,Yes,Not Voting,Yes,Yes,No,No,Yes,Yes,Yes,No,Yes,No,Yes,Yes,No,Yes,Yes,Yes,No,No,Yes,Not Voting,Yes,Yes,No,No,Yes,Yes,Yes,No,Yes,No,Yes,Yes
265,2,M000312,Jim McGovern,D,MA,No,Not Voting,Not Voting,Not Voting,Not Voting,Not Voting,Not Voting,Not Voting,Not Voting,Not Voting,Not Voting,Not Voting,No,Yes,Yes,No,Yes,No,Yes,Yes,No,Not Voting,Not Voting,Not Voting,Not Voting,Not Voting,Not Voting,Not Voting,Not Voting,Not Voting,Not Voting,Not Voting,No,Yes,Yes,No,Yes,No,Yes,Yes
266,10,M001156,Patrick T. McHenry,R,NC,Yes,Yes,Yes,Yes,Yes,Yes,Yes,Yes,No,Yes,Yes,Yes,Yes,Yes,Yes,Yes,Yes,Yes,No,Yes,Yes,Yes,Yes,Yes,Yes,Yes,Yes,Yes,No,Yes,Yes,Yes,Yes,Yes,Yes,Yes,Yes,Yes,No,Yes
267,1,M001180,David McKinley,R,WV,Yes,Yes,Yes,Yes,Yes,Yes,Yes,Yes,No,No,Yes,Yes,No,Yes,Yes,Yes,Yes,Yes,No,Yes,Yes,Yes,Yes,Yes,Yes,Yes,Yes,Yes,No,No,Yes,Yes,No,Yes,Yes,Yes,Yes,Yes,No,Yes
268,5,M001159,Cathy McMorris Rodgers,R,WA,Yes,Yes,Yes,Yes,Yes,Yes,Yes,Yes,No,Yes,Yes,Yes,Yes,Yes,Yes,Yes,Yes,Yes,No,Yes,Yes,Yes,Yes,Yes,Yes,Yes,Yes,Yes,No,Yes,Yes,Yes,Yes,Yes,Yes,Yes,Yes,Yes,No,Yes
269,9,M001166,Jerry McNerney,D,CA,No,Yes,Yes,Yes,No,No,Yes,No,Yes,Yes,No,No,Yes,Yes,Yes,No,Yes,Yes,No,Yes,No,Yes,Yes,Yes,No,No,Yes,No,Yes,Yes,No,No,Yes,Yes,Yes,No,Yes,Yes,No,Yes
270,2,M001197,Martha McSally,R,AZ,Yes,Yes,Yes,Yes,Yes,Yes,Yes,Yes,No,No,Yes,Yes,No,Yes,Yes,Yes,Yes,Yes,No,Yes,Yes,Yes,Yes,Yes,Yes,Yes,Yes,Yes,No,No,Yes,Yes,No,Yes,Yes,Yes,Yes,Yes,No,Yes
271,11,M001187,Mark Meadows,R,NC,Yes,Yes,Yes,Yes,Yes,Yes,Yes,Yes,No,Yes,Yes,Yes,Yes,Yes,Yes,Yes,Yes,Yes,No,Yes,Yes,Yes,Yes,Yes,Yes,Yes,Yes,Yes,No,Yes,Yes,Yes,Yes,Yes,Yes,Yes,Yes,Yes,No,Yes
272,7,M001181,Pat Meehan,R,PA,Yes,Yes,Yes,Yes,Yes,Yes,Yes,Yes,No,No,Yes,Yes,No,Yes,Yes,Yes,Yes,Yes,No,Yes,Yes,Yes,Yes,Yes,Yes,Yes,Yes,Yes,No,No,Yes,Yes,No,Yes,Yes,Yes,Yes,Yes,No,Yes
273,5,M001137,Gregory W. Meeks,D,NY,No,Yes,Yes,Yes,No,No,Yes,No,Yes,No,No,No,Yes,Yes,Yes,No,Yes,No,Yes,Yes,No,Yes,Yes,Yes,No,No,Yes,No,Yes,No,No,No,Yes,Yes,Yes,No,Yes,No,Yes,Yes
274,6,M001188,Grace Meng,D,NY,No,Yes,Yes,Yes,No,No,Yes,No,Yes,Yes,No,No,Yes,Yes,Not Voting,No,Yes,No,Yes,Yes,No,Yes,Yes,Yes,No,No,Yes,No,Yes,Yes,No,No,Yes,Yes,Not Voting,No,Yes,No,Yes,Yes
275,6,M001189,Luke Messer,R,IN,Yes,Yes,Yes,Yes,Yes,Yes,Yes,Yes,No,Yes,Yes,Yes,Yes,Yes,Yes,Yes,Yes,Yes,No,Not Voting,Yes,Yes,Yes,Yes,Yes,Yes,Yes,Yes,No,Yes,Yes,Yes,Yes,Yes,Yes,Yes,Yes,Yes,No,Not Voting
276,10,M001201,Paul Mitchell,R,MI,Yes,Yes,Yes,Yes,Yes,Yes,Yes,No,No,No,Yes,Yes,Yes,Yes,Yes,Yes,Not Voting,Not Voting,Not Voting,Not Voting,Yes,Yes,Yes,Yes,Yes,Yes,Yes,No,No,No,Yes,Yes,Yes,Yes,Yes,Yes,Not Voting,Not Voting,Not Voting,Not Voting
277,4,M001194,John Moolenaar,R,MI,Yes,Yes,Yes,Yes,Yes,Yes,Yes,Yes,No,No,Yes,Yes,Yes,Yes,Yes,Yes,Yes,Yes,No,Yes,Yes,Yes,Yes,Yes,Yes,Yes,Yes,Yes,No,No,Yes,Yes,Yes,Yes,Yes,Yes,Yes,Yes,No,Yes
278,2,M001195,Alex Mooney,R,WV,Yes,Yes,Yes,Yes,Yes,Yes,Yes,Yes,No,Yes,Yes,Yes,Yes,Yes,Yes,Yes,Yes,Yes,No,Yes,Yes,Yes,Yes,Yes,Yes,Yes,Yes,Yes,No,Yes,Yes,Yes,Yes,Yes,Yes,Yes,Yes,Yes,No,Yes
279,4,M001160,Gwen Moore,D,WI,No,Yes,Yes,Yes,No,No,No,No,Yes,Yes,No,No,Yes,Yes,Yes,No,Yes,No,Yes,Yes,No,Yes,Yes,Yes,No,No,No,No,Yes,Yes,No,No,Yes,Yes,Yes,No,Yes,No,Yes,Yes
280,6,M001196,Seth Moulton,D,MA,No,Yes,Yes,Yes,No,No,Yes,No,Yes,Yes,No,No,Yes,Yes,Yes,No,Yes,No,Yes,Yes,No,Yes,Yes,Yes,No,No,Yes,No,Yes,Yes,No,No,Yes,Yes,Yes,No,Yes,No,Yes,Yes
281,2,M001190,Markwayne Mullin,R,OK,Yes,Yes,Yes,Yes,Yes,Yes,Yes,Yes,No,Yes,Yes,Yes,Yes,Yes,Yes,Yes,Yes,Yes,Yes,Yes,Yes,Yes,Yes,Yes,Yes,Yes,Yes,Yes,No,Yes,Yes,Yes,Yes,Yes,Yes,Yes,Yes,Yes,Yes,Yes
282,7,M001202,Stephanie Murphy,D,FL,No,Yes,Yes,Yes,No,No,Yes,No,Yes,Yes,Yes,No,Yes,Yes,Yes,No,Yes,No,Yes,Yes,No,Yes,Yes,Yes,No,No,Yes,No,Yes,Yes,Yes,No,Yes,Yes,Yes,No,Yes,No,Yes,Yes
283,10,N000002,Jerrold Nadler,D,NY,No,Yes,Yes,Yes,No,No,No,No,Yes,Yes,No,No,Yes,Yes,Yes,No,Yes,No,Yes,Yes,No,Yes,Yes,Yes,No,No,No,No,Yes,Yes,No,No,Yes,Yes,Yes,No,Yes,No,Yes,Yes
284,32,N000179,Grace F. Napolitano,D,CA,No,Yes,Yes,Yes,No,No,No,No,Yes,Yes,No,No,Yes,Yes,Yes,No,Yes,No,Yes,Yes,No,Yes,Yes,Yes,No,No,No,No,Yes,Yes,No,No,Yes,Yes,Yes,No,Yes,No,Yes,Yes
285,1,N000015,Richard E. Neal,D,MA,No,Yes,Yes,Yes,No,No,Yes,No,Yes,No,No,No,No,Yes,Yes,No,Yes,No,Yes,Yes,No,Yes,Yes,Yes,No,No,Yes,No,Yes,No,No,No,No,Yes,Yes,No,Yes,No,Yes,Yes
286,4,N000189,Dan Newhouse,R,WA,Yes,Yes,Yes,Yes,Yes,Yes,Yes,Yes,No,No,Yes,Yes,Yes,Yes,Yes,Yes,Yes,Yes,No,Yes,Yes,Yes,Yes,Yes,Yes,Yes,Yes,Yes,No,No,Yes,Yes,Yes,Yes,Yes,Yes,Yes,Yes,No,Yes
287,1,N000184,Kristi Noem,R,SD,Yes,Yes,Yes,Yes,Yes,Yes,Yes,Yes,No,Yes,Yes,Yes,Yes,Yes,Yes,Yes,Yes,Yes,No,Yes,Yes,Yes,Yes,Yes,Yes,Yes,Yes,Yes,No,Yes,Yes,Yes,Yes,Yes,Yes,Yes,Yes,Yes,No,Yes
288,8,N000127,Rick Nolan,D,MN,No,Yes,Yes,Yes,No,No,Yes,Yes,Yes,No,No,No,No,Yes,Yes,No,Yes,Yes,Yes,Yes,No,Yes,Yes,Yes,No,No,Yes,Yes,Yes,No,No,No,No,Yes,Yes,No,Yes,Yes,Yes,Yes
289,1,N000188,Donald W. Norcross,D,NJ,No,Yes,Yes,Yes,No,No,Yes,No,Yes,No,No,No,No,Yes,Yes,No,Yes,Yes,Yes,Yes,No,Yes,Yes,Yes,No,No,Yes,No,Yes,No,No,No,No,Yes,Yes,No,Yes,Yes,Yes,Yes
290,5,N000190,Ralph Norman,R,SC,Yes,Yes,Yes,Yes,Yes,Yes,Yes,Yes,No,Yes,Yes,Yes,Yes,Yes,Yes,Yes,Yes,Yes,No,Yes,Yes,Yes,Yes,Yes,Yes,Yes,Yes,Yes,No,Yes,Yes,Yes,Yes,Yes,Yes,Yes,Yes,Yes,No,Yes
291,22,N000181,Devin Nunes,R,CA,Yes,Yes,Yes,Yes,Yes,Yes,Yes,Yes,No,Yes,Yes,Yes,Yes,Yes,Yes,Yes,Yes,Yes,No,Yes,Yes,Yes,Yes,Yes,Yes,Yes,Yes,Yes,No,Yes,Yes,Yes,Yes,Yes,Yes,Yes,Yes,Yes,No,Yes
292,1,O000171,Tom O'Halleran,D,AZ,No,Yes,Yes,Yes,No,No,Yes,No,Yes,No,No,No,No,Yes,Yes,No,Yes,No,Yes,Yes,No,Yes,Yes,Yes,No,No,Yes,No,Yes,No,No,No,No,Yes,Yes,No,Yes,No,Yes,Yes
293,16,O000170,Beto O'Rourke,D,TX,No,Yes,Yes,Yes,No,No,Yes,No,Yes,Yes,No,No,Not Voting,Not Voting,Not Voting,No,Yes,No,Yes,Yes,No,Yes,Yes,Yes,No,No,Yes,No,Yes,Yes,No,No,Not Voting,Not Voting,Not Voting,No,Yes,No,Yes,Yes
294,22,O000168,Pete Olson,R,TX,Yes,Yes,Yes,Yes,Yes,Yes,Yes,Yes,No,Yes,Yes,Yes,Yes,Yes,Yes,Yes,Yes,Yes,No,Yes,Yes,Yes,Yes,Yes,Yes,Yes,Yes,Yes,No,Yes,Yes,Yes,Yes,Yes,Yes,Yes,Yes,Yes,No,Yes
295,4,P000601,Steven Palazzo,R,MS,Yes,Yes,Yes,Yes,Yes,Yes,Yes,No,No,No,Yes,Yes,No,Yes,Yes,Not Voting,Yes,Yes,No,Yes,Yes,Yes,Yes,Yes,Yes,Yes,Yes,No,No,No,Yes,Yes,No,Yes,Yes,Not Voting,Yes,Yes,No,Yes
296,6,P000034,Frank Pallone,D,NJ,No,Yes,Yes,Yes,No,No,No,No,Yes,No,No,No,No,Yes,Yes,No,Yes,No,Yes,Yes,No,Yes,Yes,Yes,No,No,No,No,Yes,No,No,No,No,Yes,Yes,No,Yes,No,Yes,Yes
297,6,P000609,Gary Palmer,R,AL,Yes,Yes,Yes,Yes,Yes,Yes,Yes,Yes,No,Yes,Yes,Yes,No,Yes,Yes,Yes,Yes,Yes,No,Yes,Yes,Yes,Yes,Yes,Yes,Yes,Yes,Yes,No,Yes,Yes,Yes,No,Yes,Yes,Yes,Yes,Yes,No,Yes
298,20,P000613,Jimmy Panetta,D,CA,No,Yes,Yes,Yes,No,No,Yes,No,Yes,No,No,No,No,Yes,Yes,No,Yes,Yes,Yes,Yes,No,Yes,Yes,Yes,No,No,Yes,No,Yes,No,No,No,No,Yes,Yes,No,Yes,Yes,Yes,Yes
299,9,P000096,Bill Pascrell Jr.,D,NJ,No,Yes,Yes,Yes,No,No,Yes,No,Yes,No,No,No,No,Yes,Yes,No,Yes,No,Yes,Yes,No,Yes,Yes,Yes,No,No,Yes,No,Yes,No,No,No,No,Yes,Yes,No,Yes,No,Yes,Yes
300,3,P000594,Erik Paulsen,R,MN,Yes,Yes,Yes,Yes,Yes,Yes,Yes,Yes,No,No,Yes,Yes,No,Yes,Yes,Yes,Yes,Yes,No,Yes,Yes,Yes,Yes,Yes,Yes,Yes,Yes,Yes,No,No,Yes,Yes,No,Yes,Yes,Yes,Yes,Yes,No,Yes
301,10,P000604,Donald M. Payne Jr.,D,NJ,No,Yes,Yes,Yes,No,No,No,No,Yes,No,No,No,No,Yes,Yes,No,Yes,No,Yes,Yes,No,Yes,Yes,Yes,No,No,No,No,Yes,No,No,No,No,Yes,Yes,No,Yes,No,Yes,Yes
302,2,P000588,Steve Pearce,R,NM,Yes,Yes,Yes,Yes,Yes,Yes,Yes,Yes,No,No,Yes,Yes,No,Yes,Yes,Yes,Yes,Yes,No,Yes,Yes,Yes,Yes,Yes,Yes,Yes,Yes,Yes,No,No,Yes,Yes,No,Yes,Yes,Yes,Yes,Yes,No,Yes
303,12,P000197,Nancy Pelosi,D,CA,No,Yes,Not Voting,Not Voting,Not Voting,No,Not Voting,Not Voting,Not Voting,Not Voting,Not Voting,Not Voting,Yes,Yes,Yes,No,Yes,No,Not Voting,Yes,No,Yes,Not Voting,Not Voting,Not Voting,No,Not Voting,Not Voting,Not Voting,Not Voting,Not Voting,Not Voting,Yes,Yes,Yes,No,Yes,No,Not Voting,Yes
304,7,P000593,Ed Perlmutter,D,CO,No,Yes,Yes,Yes,No,No,Yes,No,Yes,Yes,No,No,Yes,Yes,Yes,No,Yes,No,Yes,Yes,No,Yes,Yes,Yes,No,No,Yes,No,Yes,Yes,No,No,Yes,Yes,Yes,No,Yes,No,Yes,Yes
305,4,P000605,Scott Perry,R,PA,Yes,Yes,Yes,Yes,Yes,Yes,Yes,Yes,No,No,Yes,Yes,No,Yes,No,Yes,Yes,Yes,No,Yes,Yes,Yes,Yes,Yes,Yes,Yes,Yes,Yes,No,No,Yes,Yes,No,Yes,No,Yes,Yes,Yes,No,Yes
306,52,P000608,Scott Peters,D,CA,No,Yes,Yes,Yes,No,No,Yes,Yes,Yes,No,No,No,No,Yes,Yes,No,Yes,Yes,No,Yes,No,Yes,Yes,Yes,No,No,Yes,Yes,Yes,No,No,No,No,Yes,Yes,No,Yes,Yes,No,Yes
307,7,P000258,Collin C. Peterson,D,MN,No,Yes,Yes,Yes,No,No,Yes,Yes,Yes,No,No,No,Yes,Yes,Yes,No,Yes,Yes,No,Yes,No,Yes,Yes,Yes,No,No,Yes,Yes,Yes,No,No,No,Yes,Yes,Yes,No,Yes,Yes,No,Yes
308,1,P000597,Chellie Pingree,D,ME,No,Yes,Yes,Yes,No,No,Yes,No,Yes,Yes,No,No,Yes,Yes,Yes,No,Yes,No,Yes,Yes,No,Yes,Yes,Yes,No,No,Yes,No,Yes,Yes,No,No,Yes,Yes,Yes,No,Yes,No,Yes,Yes
309,9,P000606,Robert Pittenger,R,NC,Yes,Yes,Yes,Yes,Yes,Yes,Yes,Yes,No,No,Yes,Yes,No,Yes,Yes,Yes,Yes,Yes,No,Yes,Yes,Yes,Yes,Yes,Yes,Yes,Yes,Yes,No,No,Yes,Yes,No,Yes,Yes,Yes,Yes,Yes,No,Yes
310,2,P000607,Mark Pocan,D,WI,Not Voting,Not Voting,Not Voting,Not Voting,Not Voting,Not Voting,Not Voting,Not Voting,Not Voting,Not Voting,Not Voting,Not Voting,Not Voting,Not Voting,Not Voting,Not Voting,Not Voting,Not Voting,Not Voting,Not Voting,Not Voting,Not Voting,Not Voting,Not Voting,Not Voting,Not Voting,Not Voting,Not Voting,Not Voting,Not Voting,Not Voting,Not Voting,Not Voting,Not Voting,Not Voting,Not Voting,Not Voting,Not Voting,Not Voting,Not Voting
311,2,P000592,Ted Poe,R,TX,Yes,Yes,Yes,Yes,Yes,Yes,Yes,Yes,No,No,Yes,Yes,Not Voting,Not Voting,Not Voting,Yes,Yes,Yes,No,Yes,Yes,Yes,Yes,Yes,Yes,Yes,Yes,Yes,No,No,Yes,Yes,Not Voting,Not Voting,Not Voting,Yes,Yes,Yes,No,Yes
312,2,P000611,Bruce Poliquin,R,ME,Yes,Yes,Yes,Yes,Yes,Yes,Yes,Yes,No,No,Yes,Yes,No,Yes,Yes,Yes,Yes,Yes,No,Yes,Yes,Yes,Yes,Yes,Yes,Yes,Yes,Yes,No,No,Yes,Yes,No,Yes,Yes,Yes,Yes,Yes,No,Yes
313,2,P000598,Jared Polis,D,CO,No,Yes,Yes,Yes,No,No,No,No,Yes,Yes,No,No,Not Voting,Not Voting,Not Voting,No,Yes,No,Yes,Yes,No,Yes,Yes,Yes,No,No,No,No,Yes,Yes,No,No,Not Voting,Not Voting,Not Voting,No,Yes,No,Yes,Yes
314,8,P000599,Bill Posey,R,FL,Yes,Yes,Yes,Yes,Yes,Yes,Yes,Yes,No,Yes,Yes,Yes,Yes,Yes,Yes,Yes,Yes,Yes,No,Yes,Yes,Yes,Yes,Yes,Yes,Yes,Yes,Yes,No,Yes,Yes,Yes,Yes,Yes,Yes,Yes,Yes,Yes,No,Yes
315,4,P000523,David E. Price,D,NC,No,Yes,Not Voting,Yes,No,No,No,No,Yes,No,No,No,No,Yes,Yes,No,Yes,No,Yes,Yes,No,Yes,Not Voting,Yes,No,No,No,No,Yes,No,No,No,No,Yes,Yes,No,Yes,No,Yes,Yes
316,5,Q000023,Mike Quigley,D,IL,No,Yes,Yes,Yes,No,No,Yes,No,Yes,Yes,No,No,Not Voting,Yes,Yes,No,Yes,No,Yes,Yes,No,Yes,Yes,Yes,No,No,Yes,No,Yes,Yes,No,No,Not Voting,Yes,Yes,No,Yes,No,Yes,Yes
317,8,R000606,Jamie Raskin,D,MD,No,Yes,Yes,Yes,No,No,No,No,Yes,No,No,No,No,Yes,No,No,Yes,No,Yes,Yes,No,Yes,Yes,Yes,No,No,No,No,Yes,No,No,No,No,Yes,No,No,Yes,No,Yes,Yes
318,4,R000601,John Ratcliffe,R,TX,Yes,Yes,Yes,Yes,Yes,Yes,Yes,Yes,No,Yes,Yes,Yes,No,Yes,Yes,Yes,Yes,Yes,No,Yes,Yes,Yes,Yes,Yes,Yes,Yes,Yes,Yes,No,Yes,Yes,Yes,No,Yes,Yes,Yes,Yes,Yes,No,Yes
319,23,R000585,Tom Reed,R,NY,Yes,Yes,Yes,Yes,Yes,Yes,Yes,Yes,No,No,Yes,Yes,No,Yes,Yes,Yes,Yes,Yes,No,Yes,Yes,Yes,Yes,Yes,Yes,Yes,Yes,Yes,No,No,Yes,Yes,No,Yes,Yes,Yes,Yes,Yes,No,Yes
320,8,R000578,Dave Reichert,R,WA,Yes,Yes,Yes,Yes,Yes,Yes,Yes,Yes,No,Yes,Yes,Yes,Not Voting,Yes,Yes,Yes,Yes,Yes,No,Yes,Yes,Yes,Yes,Yes,Yes,Yes,Yes,Yes,No,Yes,Yes,Yes,Not Voting,Yes,Yes,Yes,Yes,Yes,No,Yes
321,16,R000586,Jim Renacci,R,OH,Yes,Not Voting,Not Voting,Not Voting,Not Voting,Not Voting,Yes,Yes,No,Yes,Yes,Yes,Not Voting,Not Voting,Not Voting,Yes,Yes,Yes,No,Yes,Yes,Not Voting,Not Voting,Not Voting,Not Voting,Not Voting,Yes,Yes,No,Yes,Yes,Yes,Not Voting,Not Voting,Not Voting,Yes,Yes,Yes,No,Yes
322,4,R000602,Kathleen Rice,D,NY,No,Yes,Yes,Yes,No,No,Yes,No,Yes,No,No,No,No,Yes,Yes,No,Yes,No,Yes,Yes,No,Yes,Yes,Yes,No,No,Yes,No,Yes,No,No,No,No,Yes,Yes,No,Yes,No,Yes,Yes
323,7,R000597,Tom Rice,R,SC,Yes,Yes,Yes,Yes,Yes,Yes,Yes,Yes,No,Yes,Yes,Yes,Present,Yes,Yes,Yes,Yes,Yes,No,Yes,Yes,Yes,Yes,Yes,Yes,Yes,Yes,Yes,No,Yes,Yes,Yes,Present,Yes,Yes,Yes,Yes,Yes,No,Yes
324,2,R000588,Cedric Richmond,D,LA,No,Yes,Yes,Yes,No,No,Yes,No,Yes,No,No,No,Not Voting,Not Voting,Not Voting,Not Voting,Yes,No,Yes,Yes,No,Yes,Yes,Yes,No,No,Yes,No,Yes,No,No,No,Not Voting,Not Voting,Not Voting,Not Voting,Yes,No,Yes,Yes
325,2,R000591,Martha Roby,R,AL,Yes,Yes,Yes,Yes,Yes,Yes,Yes,Yes,No,Yes,Yes,Yes,Yes,Yes,Yes,Yes,Yes,Yes,No,Yes,Yes,Yes,Yes,Yes,Yes,Yes,Yes,Yes,No,Yes,Yes,Yes,Yes,Yes,Yes,Yes,Yes,Yes,No,Yes
326,1,R000582,Phil Roe,R,TN,Yes,Yes,Yes,Not Voting,Yes,Yes,Yes,Yes,No,No,Yes,Yes,Yes,Yes,Yes,Yes,Yes,Yes,No,Yes,Yes,Yes,Yes,Not Voting,Yes,Yes,Yes,Yes,No,No,Yes,Yes,Yes,Yes,Yes,Yes,Yes,Yes,No,Yes
327,3,R000575,Mike D. Rogers,R,AL,Yes,Yes,Yes,Yes,Yes,Yes,Yes,Yes,No,No,Yes,Yes,No,Yes,Yes,Yes,Yes,Yes,No,Yes,Yes,Yes,Yes,Yes,Yes,Yes,Yes,Yes,No,No,Yes,Yes,No,Yes,Yes,Yes,Yes,Yes,No,Yes
328,5,R000395,Harold Rogers,R,KY,Yes,Yes,Yes,Yes,Yes,Yes,Yes,Yes,No,Yes,Yes,Yes,Yes,Yes,Yes,Yes,Yes,Yes,No,Yes,Yes,Yes,Yes,Yes,Yes,Yes,Yes,Yes,No,Yes,Yes,Yes,Yes,Yes,Yes,Yes,Yes,Yes,No,Yes
329,48,R000409,Dana Rohrabacher,R,CA,No,Yes,Yes,Yes,Yes,Yes,Yes,Yes,No,Yes,Yes,Yes,Not Voting,Not Voting,Not Voting,Yes,Yes,Yes,No,Yes,No,Yes,Yes,Yes,Yes,Yes,Yes,Yes,No,Yes,Yes,Yes,Not Voting,Not Voting,Not Voting,Yes,Yes,Yes,No,Yes
330,4,R000592,Todd Rokita,R,IN,Yes,Yes,Yes,Yes,Yes,Yes,Yes,Yes,No,No,Yes,Yes,No,Yes,Yes,Yes,Yes,Yes,No,Yes,Yes,Yes,Yes,Yes,Yes,Yes,Yes,Yes,No,No,Yes,Yes,No,Yes,Yes,Yes,Yes,Yes,No,Yes
331,19,R000607,Francis Rooney,R,FL,Yes,Yes,Yes,Yes,Yes,Yes,Yes,Yes,No,Yes,Yes,Yes,Yes,Yes,Yes,Yes,Yes,Yes,No,Yes,Yes,Yes,Yes,Yes,Yes,Yes,Yes,Yes,No,Yes,Yes,Yes,Yes,Yes,Yes,Yes,Yes,Yes,No,Yes
332,17,R000583,Tom Rooney,R,FL,Yes,Yes,Yes,Yes,Yes,Yes,Yes,Yes,No,No,Yes,Yes,Yes,Yes,Yes,Not Voting,Yes,Yes,No,Yes,Yes,Yes,Yes,Yes,Yes,Yes,Yes,Yes,No,No,Yes,Yes,Yes,Yes,Yes,Not Voting,Yes,Yes,No,Yes
333,27,R000435,Ileana Ros-Lehtinen,R,FL,Yes,Yes,Yes,Yes,Yes,Yes,Yes,No,No,No,Yes,Yes,No,Yes,Yes,Yes,Yes,Yes,No,Yes,Yes,Yes,Yes,Yes,Yes,Yes,Yes,No,No,No,Yes,Yes,No,Yes,Yes,Yes,Yes,Yes,No,Yes
334,3,R000608,Jacky Rosen,D,NV,No,Yes,Yes,Yes,No,No,Yes,Yes,Yes,No,Yes,No,No,Yes,Yes,No,Yes,No,Yes,Yes,No,Yes,Yes,Yes,No,No,Yes,Yes,Yes,No,Yes,No,No,Yes,Yes,No,Yes,No,Yes,Yes
335,6,R000580,Peter Roskam,R,IL,Yes,Yes,Not Voting,Yes,Yes,Yes,Yes,Yes,No,Yes,Yes,Yes,Yes,Yes,Yes,Yes,Yes,Yes,No,Not Voting,Yes,Yes,Not Voting,Yes,Yes,Yes,Yes,Yes,No,Yes,Yes,Yes,Yes,Yes,Yes,Yes,Yes,Yes,No,Not Voting
336,15,R000593,Dennis Ross,R,FL,Yes,Yes,Yes,Yes,Yes,Yes,Yes,Yes,No,Yes,Yes,Yes,Yes,Yes,Yes,Yes,Yes,Yes,No,Yes,Yes,Yes,Yes,Yes,Yes,Yes,Yes,Yes,No,Yes,Yes,Yes,Yes,Yes,Yes,Yes,Yes,Yes,No,Yes
337,12,R000598,Keith Rothfus,R,PA,Yes,Yes,Yes,Yes,Yes,Yes,Yes,Yes,No,Yes,Yes,Yes,Yes,Yes,No,Yes,Yes,Yes,No,Yes,Yes,Yes,Yes,Yes,Yes,Yes,Yes,Yes,No,Yes,Yes,Yes,Yes,Yes,No,Yes,Yes,Yes,No,Yes
338,7,R000603,David Rouzer,R,NC,Yes,Yes,Yes,Yes,Yes,Yes,Yes,Yes,No,No,Yes,Yes,No,Yes,Yes,Yes,Yes,Yes,No,Yes,Yes,Yes,Yes,Yes,Yes,Yes,Yes,Yes,No,No,Yes,Yes,No,Yes,Yes,Yes,Yes,Yes,No,Yes
339,40,R000486,Lucille Roybal-Allard,D,CA,No,Yes,Yes,Yes,No,No,Yes,No,Yes,No,No,No,No,Yes,Yes,Not Voting,Not Voting,Not Voting,Not Voting,Not Voting,No,Yes,Yes,Yes,No,No,Yes,No,Yes,No,No,No,No,Yes,Yes,Not Voting,Not Voting,Not Voting,Not Voting,Not Voting
340,39,R000487,Edward Royce,R,CA,Yes,Yes,Yes,Yes,Yes,Yes,Yes,Yes,No,Yes,Yes,Yes,Yes,Yes,Yes,Yes,Yes,Yes,No,Yes,Yes,Yes,Yes,Yes,Yes,Yes,Yes,Yes,No,Yes,Yes,Yes,Yes,Yes,Yes,Yes,Yes,Yes,No,Yes
341,36,R000599,Raul Ruiz,D,CA,No,Yes,Yes,Yes,No,No,Yes,No,Yes,No,No,No,No,Yes,Yes,No,Yes,No,Yes,Yes,No,Yes,Yes,Yes,No,No,Yes,No,Yes,No,No,No,No,Yes,Yes,No,Yes,No,Yes,Yes
342,2,R000576,C.A. Dutch Ruppersberger,D,MD,No,Yes,Yes,Yes,No,No,No,No,Yes,Yes,No,No,Yes,Yes,Yes,No,Yes,No,Yes,Yes,No,Yes,Yes,Yes,No,No,No,No,Yes,Yes,No,No,Yes,Yes,Yes,No,Yes,No,Yes,Yes
343,1,R000515,Bobby L. Rush,D,IL,No,Yes,Yes,Yes,No,No,Yes,No,Yes,Not Voting,Not Voting,Not Voting,Not Voting,Not Voting,Not Voting,No,Yes,No,Yes,Yes,No,Yes,Yes,Yes,No,No,Yes,No,Yes,Not Voting,Not Voting,Not Voting,Not Voting,Not Voting,Not Voting,No,Yes,No,Yes,Yes
344,5,R000604,Steve Russell,R,OK,Yes,Not Voting,Not Voting,Yes,Yes,Yes,Yes,Yes,No,Yes,Yes,Yes,Yes,Yes,Yes,Yes,Yes,Yes,No,Yes,Yes,Not Voting,Not Voting,Yes,Yes,Yes,Yes,Yes,No,Yes,Yes,Yes,Yes,Yes,Yes,Yes,Yes,Yes,No,Yes
345,4,R000609,John Rutherford,R,FL,Yes,Yes,Yes,Yes,Yes,Yes,Yes,Yes,No,Yes,Yes,Yes,Yes,Yes,Yes,Yes,Yes,Yes,No,Yes,Yes,Yes,Yes,Yes,Yes,Yes,Yes,Yes,No,Yes,Yes,Yes,Yes,Yes,Yes,Yes,Yes,Yes,No,Yes
346,13,R000577,Tim Ryan,D,OH,No,Yes,Yes,Yes,No,No,Yes,No,Yes,No,No,No,No,Yes,Yes,No,Yes,Yes,Yes,Yes,No,Yes,Yes,Yes,No,No,Yes,No,Yes,No,No,No,No,Yes,Yes,No,Yes,Yes,Yes,Yes
347,1,R000570,Paul D. Ryan,R,WI,Yes,Speaker,Speaker,Speaker,Speaker,Speaker,Speaker,Speaker,Speaker,Speaker,Speaker,Speaker,Speaker,Speaker,Speaker,Speaker,Speaker,Speaker,Speaker,Speaker,Yes,Speaker,Speaker,Speaker,Speaker,Speaker,Speaker,Speaker,Speaker,Speaker,Speaker,Speaker,Speaker,Speaker,Speaker,Speaker,Speaker,Speaker,Speaker,Speaker
348,38,S001156,Linda T. Sánchez,D,CA,No,Yes,Yes,Yes,No,No,Yes,No,Yes,No,No,No,No,Yes,Yes,No,Yes,No,Yes,Yes,No,Yes,Yes,Yes,No,No,Yes,No,Yes,No,No,No,No,Yes,Yes,No,Yes,No,Yes,Yes
349,1,S000051,Mark Sanford,R,SC,Yes,Yes,Yes,Yes,Yes,Yes,Yes,Yes,No,No,Yes,Yes,No,Yes,No,Yes,Yes,Yes,No,Not Voting,Yes,Yes,Yes,Yes,Yes,Yes,Yes,Yes,No,No,Yes,Yes,No,Yes,No,Yes,Yes,Yes,No,Not Voting
350,3,S001168,John Sarbanes,D,MD,No,Yes,Yes,Yes,No,No,Yes,No,Yes,No,No,No,No,Yes,Yes,No,Yes,No,Yes,Yes,No,Yes,Yes,Yes,No,No,Yes,No,Yes,No,No,No,No,Yes,Yes,No,Yes,No,Yes,Yes
351,1,S001176,Steve Scalise,R,LA,Yes,Yes,Yes,Yes,Yes,Yes,Yes,Yes,No,Yes,Yes,Yes,Yes,Yes,Yes,Yes,Not Voting,Not Voting,Not Voting,Yes,Yes,Yes,Yes,Yes,Yes,Yes,Yes,Yes,No,Yes,Yes,Yes,Yes,Yes,Yes,Yes,Not Voting,Not Voting,Not Voting,Yes
352,9,S001145,Jan Schakowsky,D,IL,No,Yes,Yes,Yes,No,No,No,No,Yes,No,No,No,No,Yes,Yes,No,Yes,No,Yes,Yes,No,Yes,Yes,Yes,No,No,No,No,Yes,No,No,No,No,Yes,Yes,No,Yes,No,Yes,Yes
353,28,S001150,Adam B. Schiff,D,CA,No,Yes,Yes,Yes,No,No,Yes,No,Yes,No,No,No,Yes,Yes,Yes,No,Yes,No,Yes,Yes,No,Yes,Yes,Yes,No,No,Yes,No,Yes,No,No,No,Yes,Yes,Yes,No,Yes,No,Yes,Yes
354,10,S001190,Brad Schneider,D,IL,No,Yes,Yes,Yes,No,No,Yes,Yes,Yes,Yes,Yes,No,Yes,Yes,Yes,No,Yes,No,Yes,Yes,No,Yes,Yes,Yes,No,No,Yes,Yes,Yes,Yes,Yes,No,Yes,Yes,Yes,No,Yes,No,Yes,Yes
355,5,S001180,Kurt Schrader,D,OR,No,Yes,Yes,Yes,No,No,No,No,Yes,No,No,No,No,Yes,Yes,No,Yes,Yes,No,Yes,No,Yes,Yes,Yes,No,No,No,No,Yes,No,No,No,No,Yes,Yes,No,Yes,Yes,No,Yes
356,6,S001183,David Schweikert,R,AZ,Yes,Yes,Yes,Yes,Yes,Yes,Yes,Yes,No,Yes,Yes,Yes,Yes,Yes,Yes,Yes,Yes,Yes,No,Yes,Yes,Yes,Yes,Yes,Yes,Yes,Yes,Yes,No,Yes,Yes,Yes,Yes,Yes,Yes,Yes,Yes,Yes,No,Yes
357,3,S000185,Robert C. Scott,D,VA,No,Yes,Yes,Yes,No,No,Yes,No,Yes,Yes,No,No,Yes,Yes,Yes,No,Yes,No,Yes,Yes,No,Yes,Yes,Yes,No,No,Yes,No,Yes,Yes,No,No,Yes,Yes,Yes,No,Yes,No,Yes,Yes
358,8,S001189,Austin Scott,R,GA,Yes,Yes,Yes,Yes,Yes,Yes,Yes,Yes,No,Yes,Yes,Yes,Yes,Yes,Yes,Yes,Yes,Yes,No,Yes,Yes,Yes,Yes,Yes,Yes,Yes,Yes,Yes,No,Yes,Yes,Yes,Yes,Yes,Yes,Yes,Yes,Yes,No,Yes
359,13,S001157,David Scott,D,GA,No,Yes,Yes,Yes,No,No,Yes,No,Yes,Yes,No,No,Yes,Yes,Yes,No,Yes,Yes,Not Voting,Yes,No,Yes,Yes,Yes,No,No,Yes,No,Yes,Yes,No,No,Yes,Yes,Yes,No,Yes,Yes,Not Voting,Yes
360,5,S000244,F. James Sensenbrenner,R,WI,Yes,Yes,Yes,Yes,Yes,Yes,Yes,Yes,No,Yes,Yes,Yes,Yes,Yes,Yes,Yes,Yes,Yes,No,Yes,Yes,Yes,Yes,Yes,Yes,Yes,Yes,Yes,No,Yes,Yes,Yes,Yes,Yes,Yes,Yes,Yes,Yes,No,Yes
361,15,S000248,José E. Serrano,D,NY,No,Yes,Yes,Yes,No,No,No,No,Yes,No,No,No,No,Yes,Yes,No,Yes,No,Yes,Yes,No,Yes,Yes,Yes,No,No,No,No,Yes,No,No,No,No,Yes,Yes,No,Yes,No,Yes,Yes
362,32,S000250,Pete Sessions,R,TX,Yes,Yes,Yes,Yes,Yes,Yes,Yes,Yes,No,Yes,Yes,Yes,Yes,Yes,Yes,Yes,Yes,Yes,No,Yes,Yes,Yes,Yes,Yes,Yes,Yes,Yes,Yes,No,Yes,Yes,Yes,Yes,Yes,Yes,Yes,Yes,Yes,No,Yes
363,7,S001185,Terri Sewell,D,AL,No,Yes,Yes,Yes,No,No,Yes,No,Yes,No,No,No,No,Yes,Yes,No,Yes,Yes,Yes,Yes,No,Yes,Yes,Yes,No,No,Yes,No,Yes,No,No,No,No,Yes,Yes,No,Yes,Yes,Yes,Yes
364,1,S001170,Carol Shea-Porter,D,NH,No,Yes,Yes,Yes,No,No,Yes,No,Yes,Yes,No,No,Yes,Yes,Yes,No,Yes,No,Yes,Yes,No,Yes,Yes,Yes,No,No,Yes,No,Yes,Yes,No,No,Yes,Yes,Yes,No,Yes,No,Yes,Yes
365,30,S000344,Brad Sherman,D,CA,No,Yes,Yes,Yes,No,No,Yes,Yes,Yes,Yes,No,No,Yes,Yes,Yes,No,Yes,No,Yes,Yes,No,Yes,Yes,Yes,No,No,Yes,Yes,Yes,Yes,No,No,Yes,Yes,Yes,No,Yes,No,Yes,Yes
366,15,S000364,John Shimkus,R,IL,Yes,Yes,Yes,Yes,Yes,Yes,Yes,Yes,No,Yes,Yes,Yes,Yes,Yes,Yes,Yes,Yes,Yes,No,Yes,Yes,Yes,Yes,Yes,Yes,Yes,Yes,Yes,No,Yes,Yes,Yes,Yes,Yes,Yes,Yes,Yes,Yes,No,Yes
367,9,S001154,Bill Shuster,R,PA,Yes,Yes,Yes,Yes,Yes,Yes,Yes,Yes,No,Yes,Yes,Yes,Not Voting,Yes,Yes,Yes,Yes,Yes,No,Yes,Yes,Yes,Yes,Yes,Yes,Yes,Yes,Yes,No,Yes,Yes,Yes,Not Voting,Yes,Yes,Yes,Yes,Yes,No,Yes
368,2,S001148,Mike Simpson,R,ID,Yes,Yes,Yes,Yes,Yes,Yes,Yes,Yes,No,Yes,Yes,Yes,Yes,Yes,Yes,Yes,Yes,Yes,No,Yes,Yes,Yes,Yes,Yes,Yes,Yes,Yes,Yes,No,Yes,Yes,Yes,Yes,Yes,Yes,Yes,Yes,Yes,No,Yes
369,9,S001191,Kyrsten Sinema,D,AZ,No,Yes,Yes,Yes,No,No,Yes,Yes,Yes,No,No,No,No,Yes,Yes,No,Yes,No,Yes,Yes,No,Yes,Yes,Yes,No,No,Yes,Yes,Yes,No,No,No,No,Yes,Yes,No,Yes,No,Yes,Yes
370,8,S001165,Albio Sires,D,NJ,No,Yes,Yes,Yes,No,No,No,No,Yes,No,No,No,Not Voting,Not Voting,Not Voting,No,Yes,No,Yes,Yes,No,Yes,Yes,Yes,No,No,No,No,Yes,No,No,No,Not Voting,Not Voting,Not Voting,No,Yes,No,Yes,Yes
371,25,S000480,Louise M. Slaughter,D,NY,No,Yes,Yes,Yes,No,No,No,No,Yes,No,No,No,No,Yes,Yes,No,Yes,No,Yes,Yes,No,Yes,Yes,Yes,No,No,No,No,Yes,No,No,No,No,Yes,Yes,No,Yes,No,Yes,Yes
372,8,S001195,Jason Smith,R,MO,Yes,Yes,Yes,Yes,Yes,Yes,Yes,Yes,No,Yes,Yes,Yes,No,Yes,Yes,Yes,Yes,Yes,No,Yes,Yes,Yes,Yes,Yes,Yes,Yes,Yes,Yes,No,Yes,Yes,Yes,No,Yes,Yes,Yes,Yes,Yes,No,Yes
373,3,S001172,Adrian Smith,R,NE,Yes,Yes,Yes,Yes,Yes,Yes,Yes,Yes,No,Not Voting,Yes,Yes,Yes,Yes,Yes,Yes,Yes,Yes,No,Yes,Yes,Yes,Yes,Yes,Yes,Yes,Yes,Yes,No,Not Voting,Yes,Yes,Yes,Yes,Yes,Yes,Yes,Yes,No,Yes
374,4,S000522,Christopher H. Smith,R,NJ,No,Yes,Yes,Yes,Yes,Yes,Yes,No,No,Yes,Yes,Yes,Yes,Yes,Yes,Yes,Yes,Yes,No,Yes,No,Yes,Yes,Yes,Yes,Yes,Yes,No,No,Yes,Yes,Yes,Yes,Yes,Yes,Yes,Yes,Yes,No,Yes
375,21,S000583,Lamar Smith,R,TX,Yes,Yes,Yes,Yes,Yes,Yes,Yes,Yes,No,Yes,Yes,Yes,Yes,Yes,Yes,Yes,Yes,Yes,No,Yes,Yes,Yes,Yes,Yes,Yes,Yes,Yes,Yes,No,Yes,Yes,Yes,Yes,Yes,Yes,Yes,Yes,Yes,No,Yes
376,9,S000510,Adam Smith,D,WA,No,Yes,Yes,Yes,No,No,Yes,No,Yes,Yes,No,No,Yes,Yes,No,No,Yes,No,Yes,Yes,No,Yes,Yes,Yes,No,No,Yes,No,Yes,Yes,No,No,Yes,Yes,No,No,Yes,No,Yes,Yes
377,16,S001199,Lloyd Smucker,R,PA,Yes,Yes,Yes,Yes,Yes,Yes,Yes,Yes,No,No,Yes,Yes,Yes,Yes,Yes,Yes,Yes,Yes,No,Yes,Yes,Yes,Yes,Yes,Yes,Yes,Yes,Yes,No,No,Yes,Yes,Yes,Yes,Yes,Yes,Yes,Yes,No,Yes
378,9,S001200,Darren Soto,D,FL,No,Yes,Yes,Yes,No,No,Yes,No,Yes,No,No,No,No,Yes,Yes,No,Yes,No,Yes,Yes,No,Yes,Yes,Yes,No,No,Yes,No,Yes,No,No,No,No,Yes,Yes,No,Yes,No,Yes,Yes
379,14,S001175,Jackie Speier,D,CA,No,Yes,Yes,Yes,No,No,No,No,Yes,Yes,No,No,Yes,Yes,Yes,No,Yes,No,Yes,Yes,No,Yes,Yes,Yes,No,No,No,No,Yes,Yes,No,No,Yes,Yes,Yes,No,Yes,No,Yes,Yes
380,21,S001196,Elise Stefanik,R,NY,No,Yes,Yes,Yes,Yes,Yes,Yes,Yes,No,Yes,Yes,Yes,Yes,Yes,Yes,Yes,Yes,Yes,No,Yes,No,Yes,Yes,Yes,Yes,Yes,Yes,Yes,No,Yes,Yes,Yes,Yes,Yes,Yes,Yes,Yes,Yes,No,Yes
381,2,S001192,Chris Stewart,R,UT,Yes,Yes,Yes,Yes,Yes,Yes,Yes,Yes,No,Yes,Yes,Yes,Not Voting,Not Voting,Not Voting,Yes,Yes,Yes,No,Yes,Yes,Yes,Yes,Yes,Yes,Yes,Yes,Yes,No,Yes,Yes,Yes,Not Voting,Not Voting,Not Voting,Yes,Yes,Yes,No,Yes
382,15,S001187,Steve Stivers,R,OH,Yes,Yes,Yes,Yes,Yes,Yes,Yes,Yes,No,No,Yes,Yes,No,Yes,Yes,Yes,Yes,Yes,No,Yes,Yes,Yes,Yes,Yes,Yes,Yes,Yes,Yes,No,No,Yes,Yes,No,Yes,Yes,Yes,Yes,Yes,No,Yes
383,3,S001201,Thomas Suozzi,D,NY,No,Yes,Yes,Yes,No,No,Yes,No,Yes,No,Yes,No,No,Yes,Yes,No,Yes,No,Yes,Yes,No,Yes,Yes,Yes,No,No,Yes,No,Yes,No,Yes,No,No,Yes,Yes,No,Yes,No,Yes,Yes
384,15,S001193,Eric Swalwell,D,CA,No,Yes,Yes,Yes,No,No,No,No,Yes,No,No,No,No,Yes,No,No,Yes,No,Yes,Yes,No,Yes,Yes,Yes,No,No,No,No,Yes,No,No,No,No,Yes,No,No,Yes,No,Yes,Yes
385,41,T000472,Mark Takano,D,CA,No,Yes,Yes,Yes,No,No,No,No,Yes,Yes,No,No,Not Voting,Yes,Yes,No,Yes,No,Yes,Yes,No,Yes,Yes,Yes,No,No,No,No,Yes,Yes,No,No,Not Voting,Yes,Yes,No,Yes,No,Yes,Yes
386,2,T000477,Scott Taylor,R,VA,Yes,Yes,Yes,Yes,Yes,Yes,Yes,Yes,No,Yes,Yes,Yes,Yes,Yes,No,Yes,Yes,Yes,No,Yes,Yes,Yes,Yes,Yes,Yes,Yes,Yes,Yes,No,Yes,Yes,Yes,Yes,Yes,No,Yes,Yes,Yes,No,Yes
387,22,T000478,Claudia Tenney,R,NY,Yes,Yes,Yes,Yes,Yes,Yes,Yes,Yes,No,No,Yes,Yes,No,Yes,Yes,Yes,Yes,Yes,No,Yes,Yes,Yes,Yes,Yes,Yes,Yes,Yes,Yes,No,No,Yes,Yes,No,Yes,Yes,Yes,Yes,Yes,No,Yes
388,5,T000460,Mike Thompson,D,CA,No,Yes,Yes,Yes,No,No,No,No,Yes,No,No,No,No,Yes,Yes,No,Yes,No,Yes,Yes,No,Yes,Yes,Yes,No,No,No,No,Yes,No,No,No,No,Yes,Yes,No,Yes,No,Yes,Yes
389,2,T000193,Bennie Thompson,D,MS,No,Yes,Yes,Yes,No,No,Yes,No,Yes,No,No,No,No,Yes,Yes,No,Yes,No,Yes,Yes,No,Yes,Yes,Yes,No,No,Yes,No,Yes,No,No,No,No,Yes,Yes,No,Yes,No,Yes,Yes
390,5,T000467,Glenn Thompson,R,PA,Yes,Yes,Yes,Yes,Yes,Yes,Yes,Yes,No,No,Yes,Yes,No,Yes,Yes,Yes,Yes,Yes,No,Yes,Yes,Yes,Yes,Yes,Yes,Yes,Yes,Yes,No,No,Yes,Yes,No,Yes,Yes,Yes,Yes,Yes,No,Yes
391,13,T000238,William M. Thornberry,R,TX,Yes,Yes,Yes,Yes,Yes,Yes,Yes,Yes,No,Yes,Yes,Yes,Yes,Yes,Yes,Yes,Yes,Yes,No,Yes,Yes,Yes,Yes,Yes,Yes,Yes,Yes,Yes,No,Yes,Yes,Yes,Yes,Yes,Yes,Yes,Yes,Yes,No,Yes
392,12,T000462,Pat Tiberi,R,OH,Yes,Yes,Yes,Yes,Yes,Yes,Yes,Yes,No,Yes,Yes,Yes,Not Voting,Not Voting,Not Voting,Yes,Yes,Yes,No,Yes,Yes,Yes,Yes,Yes,Yes,Yes,Yes,Yes,No,Yes,Yes,Yes,Not Voting,Not Voting,Not Voting,Yes,Yes,Yes,No,Yes
393,3,T000470,Scott Tipton,R,CO,Yes,Yes,Yes,Yes,Yes,Yes,Yes,Yes,No,No,Yes,Yes,No,Yes,Yes,Yes,Yes,Yes,No,Yes,Yes,Yes,Yes,Yes,Yes,Yes,Yes,Yes,No,No,Yes,Yes,No,Yes,Yes,Yes,Yes,Yes,No,Yes
394,1,T000468,Dina Titus,D,NV,No,Yes,Yes,Yes,No,No,Yes,Yes,Yes,Yes,No,No,Yes,Yes,Yes,No,Yes,No,Yes,Yes,No,Yes,Yes,Yes,No,No,Yes,Yes,Yes,Yes,No,No,Yes,Yes,Yes,No,Yes,No,Yes,Yes
395,20,T000469,Paul Tonko,D,NY,No,Yes,Yes,Yes,No,No,No,No,Yes,Present,No,No,Present,Yes,Yes,No,Yes,No,Yes,Yes,No,Yes,Yes,Yes,No,No,No,No,Yes,Present,No,No,Present,Yes,Yes,No,Yes,No,Yes,Yes
396,35,T000474,Norma Torres,D,CA,No,Yes,Yes,Yes,No,No,Yes,No,Yes,No,No,No,Yes,Yes,Yes,No,Yes,Yes,Yes,Yes,No,Yes,Yes,Yes,No,No,Yes,No,Yes,No,No,No,Yes,Yes,Yes,No,Yes,Yes,Yes,Yes
397,11,T000475,Dave Trott,R,MI,Yes,Yes,Yes,Yes,Yes,Yes,Yes,Yes,No,Yes,Yes,Yes,Not Voting,Not Voting,Not Voting,Yes,Yes,Yes,No,Yes,Yes,Yes,Yes,Yes,Yes,Yes,Yes,Yes,No,Yes,Yes,Yes,Not Voting,Not Voting,Not Voting,Yes,Yes,Yes,No,Yes
398,3,T000465,Niki Tsongas,D,MA,No,Yes,Yes,Yes,No,No,Yes,No,Yes,Yes,No,No,Not Voting,Not Voting,Not Voting,No,Yes,No,Yes,Yes,No,Yes,Yes,Yes,No,No,Yes,No,Yes,Yes,No,No,Not Voting,Not Voting,Not Voting,No,Yes,No,Yes,Yes
399,10,T000463,Michael R. Turner,R,OH,Yes,Yes,Yes,Yes,Yes,Yes,Yes,Yes,No,Not Voting,Yes,Yes,No,Yes,Yes,Yes,Yes,Yes,No,Yes,Yes,Yes,Yes,Yes,Yes,Yes,Yes,Yes,No,Not Voting,Yes,Yes,No,Yes,Yes,Yes,Yes,Yes,No,Yes
400,6,U000031,Fred Upton,R,MI,Yes,Yes,Yes,Yes,Yes,Yes,Yes,Yes,No,No,Yes,Yes,No,Yes,Yes,Yes,Yes,Yes,No,Yes,Yes,Yes,Yes,Yes,Yes,Yes,Yes,Yes,No,No,Yes,Yes,No,Yes,Yes,Yes,Yes,Yes,No,Yes
401,21,V000129,David Valadao,R,CA,Yes,Yes,Yes,Yes,Yes,Yes,Yes,Yes,No,No,Yes,Yes,No,Yes,Yes,Yes,Yes,Yes,No,Yes,Yes,Yes,Yes,Yes,Yes,Yes,Yes,Yes,No,No,Yes,Yes,No,Yes,Yes,Yes,Yes,Yes,No,Yes
402,51,V000130,Juan Vargas,D,CA,No,Yes,Yes,Yes,No,No,No,No,Yes,No,No,No,No,Yes,Yes,No,Yes,No,Yes,Yes,No,Yes,Yes,Yes,No,No,No,No,Yes,No,No,No,No,Yes,Yes,No,Yes,No,Yes,Yes
403,33,V000131,Marc Veasey,D,TX,No,Yes,Yes,Yes,No,No,Yes,No,Yes,No,No,No,No,Yes,Yes,No,Yes,Yes,Yes,Yes,No,Yes,Yes,Yes,No,No,Yes,No,Yes,No,No,No,No,Yes,Yes,No,Yes,Yes,Yes,Yes
404,34,V000132,Filemon Vela,D,TX,No,Yes,Yes,Yes,No,No,Yes,No,Yes,No,No,No,Yes,Yes,Yes,No,Yes,Yes,Yes,Yes,No,Yes,Yes,Yes,No,No,Yes,No,Yes,No,No,No,Yes,Yes,Yes,No,Yes,Yes,Yes,Yes
405,7,V000081,Nydia M. Velázquez,D,NY,No,Yes,Yes,Yes,No,No,No,No,Yes,No,No,No,No,Yes,Yes,No,Yes,No,Yes,Yes,No,Yes,Yes,Yes,No,No,No,No,Yes,No,No,No,No,Yes,Yes,No,Yes,No,Yes,Yes
406,1,V000108,Peter J. Visclosky,D,IN,No,Yes,Yes,Yes,No,No,No,No,Yes,Not Voting,Not Voting,Not Voting,Not Voting,Not Voting,Not Voting,No,Yes,No,Yes,Yes,No,Yes,Yes,Yes,No,No,No,No,Yes,Not Voting,Not Voting,Not Voting,Not Voting,Not Voting,Not Voting,No,Yes,No,Yes,Yes
407,2,W000812,Ann Wagner,R,MO,Yes,Yes,Yes,Yes,Yes,Yes,Yes,Yes,No,Yes,Yes,Yes,Yes,Yes,Yes,Yes,Yes,Yes,No,Yes,Yes,Yes,Yes,Yes,Yes,Yes,Yes,Yes,No,Yes,Yes,Yes,Yes,Yes,Yes,Yes,Yes,Yes,No,Yes
408,7,W000798,Tim Walberg,R,MI,Yes,Yes,Yes,Yes,Yes,Yes,Yes,Yes,No,No,Yes,Yes,No,Yes,Yes,Yes,Yes,Yes,No,Yes,Yes,Yes,Yes,Yes,Yes,Yes,Yes,Yes,No,No,Yes,Yes,No,Yes,Yes,Yes,Yes,Yes,No,Yes
409,2,W000791,Greg Walden,R,OR,Yes,Yes,Yes,Yes,Yes,Yes,Yes,Yes,No,Yes,Yes,Yes,Yes,Yes,Yes,Yes,Yes,Yes,No,Yes,Yes,Yes,Yes,Yes,Yes,Yes,Yes,Yes,No,Yes,Yes,Yes,Yes,Yes,Yes,Yes,Yes,Yes,No,Yes
410,6,W000819,Mark Walker,R,NC,Yes,Yes,Yes,Yes,Yes,Yes,Yes,Yes,No,Yes,Yes,Yes,Yes,Yes,Yes,Yes,Yes,Yes,No,Yes,Yes,Yes,Yes,Yes,Yes,Yes,Yes,Yes,No,Yes,Yes,Yes,Yes,Yes,Yes,Yes,Yes,Yes,No,Yes
411,2,W000813,Jackie Walorski,R,IN,Yes,Yes,Yes,Yes,Yes,Yes,Yes,Yes,No,Yes,Yes,Yes,Yes,Yes,Yes,Yes,Yes,Yes,No,Yes,Yes,Yes,Yes,Yes,Yes,Yes,Yes,Yes,No,Yes,Yes,Yes,Yes,Yes,Yes,Yes,Yes,Yes,No,Yes
412,45,W000820,Mimi Walters,R,CA,Yes,Yes,Yes,Yes,Yes,Yes,Yes,Yes,No,Yes,Yes,Yes,Yes,Yes,Yes,Yes,Yes,Yes,No,Yes,Yes,Yes,Yes,Yes,Yes,Yes,Yes,Yes,No,Yes,Yes,Yes,Yes,Yes,Yes,Yes,Yes,Yes,No,Yes
413,1,W000799,Tim Walz,D,MN,No,Yes,Yes,Yes,No,No,Yes,No,Yes,Yes,No,No,Not Voting,Not Voting,Not Voting,Not Voting,Yes,No,Yes,Yes,No,Yes,Yes,Yes,No,No,Yes,No,Yes,Yes,No,No,Not Voting,Not Voting,Not Voting,Not Voting,Yes,No,Yes,Yes
414,23,W000797,Debbie Wasserman Schultz,D,FL,No,Yes,Yes,Yes,No,No,Yes,No,Yes,Yes,No,No,Yes,Yes,Yes,No,Yes,No,Yes,Yes,No,Yes,Yes,Yes,No,No,Yes,No,Yes,Yes,No,No,Yes,Yes,Yes,No,Yes,No,Yes,Yes
415,43,W000187,Maxine Waters,D,CA,No,Yes,Yes,Yes,No,No,Yes,No,Yes,Yes,No,No,Not Voting,Not Voting,Not Voting,No,Yes,No,Yes,Yes,No,Yes,Yes,Yes,No,No,Yes,No,Yes,Yes,No,No,Not Voting,Not Voting,Not Voting,No,Yes,No,Yes,Yes
416,12,W000822,Bonnie Watson Coleman,D,NJ,No,Yes,Yes,Yes,No,No,No,No,Yes,No,No,No,No,Yes,No,No,Yes,No,Yes,Yes,No,Yes,Yes,Yes,No,No,No,No,Yes,No,No,No,No,Yes,No,No,Yes,No,Yes,Yes
417,14,W000814,Randy Weber,R,TX,Yes,Yes,Yes,Yes,Yes,Yes,Yes,Yes,No,No,Yes,Yes,No,Yes,No,Yes,Yes,Yes,No,Yes,Yes,Yes,Yes,Yes,Yes,Yes,Yes,Yes,No,No,Yes,Yes,No,Yes,No,Yes,Yes,Yes,No,Yes
418,11,W000806,Daniel Webster,R,FL,Yes,Yes,Yes,Yes,Yes,Yes,Yes,Yes,No,Yes,Yes,Yes,Yes,Not Voting,Yes,Yes,Yes,Yes,No,Yes,Yes,Yes,Yes,Yes,Yes,Yes,Yes,Yes,No,Yes,Yes,Yes,Yes,Not Voting,Yes,Yes,Yes,Yes,No,Yes
419,1,W000800,Peter Welch,D,VT,No,Yes,Yes,Yes,No,No,No,No,Yes,No,No,No,Yes,Yes,Yes,No,Yes,No,Yes,Yes,No,Yes,Yes,Yes,No,No,No,No,Yes,No,No,No,Yes,Yes,Yes,No,Yes,No,Yes,Yes
420,2,W000815,Brad Wenstrup,R,OH,Yes,Yes,Yes,Yes,Yes,Yes,Yes,Yes,No,Yes,Yes,Yes,No,Yes,Yes,Yes,Yes,Yes,No,Yes,Yes,Yes,Yes,Yes,Yes,Yes,Yes,Yes,No,Yes,Yes,Yes,No,Yes,Yes,Yes,Yes,Yes,No,Yes
421,4,W000821,Bruce Westerman,R,AR,Yes,Yes,Yes,Yes,Yes,Yes,Yes,Yes,No,Yes,Yes,Yes,Yes,Yes,Yes,Yes,Yes,Yes,No,Yes,Yes,Yes,Yes,Yes,Yes,Yes,Yes,Yes,No,Yes,Yes,Yes,Yes,Yes,Yes,Yes,Yes,Yes,No,Yes
422,25,W000816,Roger Williams,R,TX,Yes,Yes,Yes,Yes,Yes,Yes,Yes,Yes,No,Yes,Yes,Yes,Yes,Yes,Yes,Yes,Yes,Yes,No,Yes,Yes,Yes,Yes,Yes,Yes,Yes,Yes,Yes,No,Yes,Yes,Yes,Yes,Yes,Yes,Yes,Yes,Yes,No,Yes
423,24,W000808,Frederica Wilson,D,FL,Not Voting,Yes,Yes,Yes,No,No,Yes,No,Yes,No,No,No,Not Voting,Yes,Yes,No,Yes,No,Yes,Yes,Not Voting,Yes,Yes,Yes,No,No,Yes,No,Yes,No,No,No,Not Voting,Yes,Yes,No,Yes,No,Yes,Yes
424,2,W000795,Joe Wilson,R,SC,Yes,Yes,Yes,Yes,Yes,Yes,Yes,Yes,No,Yes,Yes,Yes,Yes,Yes,Yes,Yes,Yes,Yes,No,Yes,Yes,Yes,Yes,Yes,Yes,Yes,Yes,Yes,No,Yes,Yes,Yes,Yes,Yes,Yes,Yes,Yes,Yes,No,Yes
425,1,W000804,Robert J. Wittman,R,VA,Yes,Yes,Yes,Yes,Yes,Yes,Yes,Yes,No,No,Yes,Yes,Yes,Not Voting,Yes,Yes,Yes,Yes,No,Yes,Yes,Yes,Yes,Yes,Yes,Yes,Yes,Yes,No,No,Yes,Yes,Yes,Not Voting,Yes,Yes,Yes,Yes,No,Yes
426,3,W000809,Steve Womack,R,AR,Yes,Yes,Yes,Yes,Yes,Yes,Yes,Yes,No,Yes,Yes,Yes,Yes,Yes,Yes,Yes,Yes,Yes,No,Yes,Yes,Yes,Yes,Yes,Yes,Yes,Yes,Yes,No,Yes,Yes,Yes,Yes,Yes,Yes,Yes,Yes,Yes,No,Yes
427,7,W000810,Rob Woodall,R,GA,Yes,Yes,Yes,Yes,Yes,Yes,Yes,Yes,No,Not Voting,Not Voting,Not Voting,No,Yes,Yes,Yes,Yes,Yes,No,Yes,Yes,Yes,Yes,Yes,Yes,Yes,Yes,Yes,No,Not Voting,Not Voting,Not Voting,No,Yes,Yes,Yes,Yes,Yes,No,Yes
428,3,Y000062,John Yarmuth,D,KY,No,Yes,Yes,Yes,No,No,No,No,Yes,Yes,No,No,Yes,Yes,Yes,No,Yes,No,Yes,Yes,No,Yes,Yes,Yes,No,No,No,No,Yes,Yes,No,No,Yes,Yes,Yes,No,Yes,No,Yes,Yes
429,3,Y000063,Kevin Yoder,R,KS,Yes,Yes,Yes,Yes,Yes,Yes,Yes,Yes,No,No,Yes,Yes,No,Yes,Yes,Yes,Yes,Yes,No,Yes,Yes,Yes,Yes,Yes,Yes,Yes,Yes,Yes,No,No,Yes,Yes,No,Yes,Yes,Yes,Yes,Yes,No,Yes
430,3,Y000065,Ted Yoho,R,FL,Yes,Yes,Yes,Yes,Yes,Yes,Yes,Yes,No,No,Yes,Yes,No,Yes,Yes,Yes,Yes,Yes,No,Yes,Yes,Yes,Yes,Yes,Yes,Yes,Yes,Yes,No,No,Yes,Yes,No,Yes,Yes,Yes,Yes,Yes,No,Yes
431,1,Y000033,Don Young,R,AK,Yes,Yes,Yes,Yes,Yes,Yes,Yes,Yes,No,No,Yes,Yes,No,Yes,Yes,Yes,Yes,Yes,Yes,Yes,Yes,Yes,Yes,Yes,Yes,Yes,Yes,Yes,No,No,Yes,Yes,No,Yes,Yes,Yes,Yes,Yes,Yes,Yes
432,3,Y000066,David Young,R,IA,Yes,Yes,Yes,Yes,Yes,Yes,Yes,Yes,No,Yes,Yes,Yes,Yes,Yes,Yes,Yes,Yes,Yes,No,Yes,Yes,Yes,Yes,Yes,Yes,Yes,Yes,Yes,No,Yes,Yes,Yes,Yes,Yes,Yes,Yes,Yes,Yes,No,Yes
433,1,Z000017,Lee Zeldin,R,NY,No,Yes,Yes,Yes,Yes,Yes,Yes,Yes,No,Yes,Yes,Yes,Yes,Yes,No,Yes,Yes,Yes,No,Yes,No,Yes,Yes,Yes,Yes,Yes,Yes,Yes,No,Yes,Yes,Yes,Yes,Yes,No,Yes,Yes,Yes,No,Yes
